id,title,atmovies_id,release_date,created_at,updated_at,source,original_title,poster_url,backdrop_url,overview,runtime,vote_average,genres,tmdb_id
2,"QUEER",,Wed Nov 27 2024 00:00:00 GMT+0800 (Taipei Standard Time),Tue May 13 2025 19:00:53 GMT+0800 (Taipei Standard Time),Tue May 13 2025 19:00:53 GMT+0800 (Taipei Standard Time),,"Queer","https://image.tmdb.org/t/p/w500/hlpnTeeoPr1PzQIoDK9qQqsRa9B.jpg","https://image.tmdb.org/t/p/w1280/7bUYzlDz8eel1BVL1Y0YcF9NQmd.jpg","1950年代的墨西哥，年近50歲的美國移民威廉李居住在當地的美國小社區當中，日復一日地在孤獨的陰影中度過。某天，他邂逅了年輕俊美、剛到墨西哥的尤金阿勒頓。隨著兩人的關係逐漸發展，威廉的內心世界被深深觸動，並在孤獨與渴望的交織之下，讓他開始面對一段無法預測的愛情旅程。",136,"6.7",[object Object],[object Object],1059128
3,"세븐틴 [라잇 히어] 월드 투어 인 시네마",,Wed Apr 02 2025 00:00:00 GMT+0800 (Taipei Standard Time),Tue May 13 2025 19:00:53 GMT+0800 (Taipei Standard Time),Tue May 13 2025 19:00:53 GMT+0800 (Taipei Standard Time),,"세븐틴 [라잇 히어] 월드 투어 인 시네마","https://image.tmdb.org/t/p/w500/4VuIdZxvnXaWLzKqgO7C34UGo91.jpg","https://image.tmdb.org/t/p/w1280/jPfEC0GqH3ehBzzPhuDYUo2cz02.jpg","",132,"0.0",[object Object],[object Object],1443823
5,"冥婚鬧泰大",,Thu Mar 20 2025 00:00:00 GMT+0800 (Taipei Standard Time),Tue May 13 2025 19:00:53 GMT+0800 (Taipei Standard Time),Tue May 13 2025 19:00:53 GMT+0800 (Taipei Standard Time),,"ซองแดงแต่งผี","https://image.tmdb.org/t/p/w500/yQk7ri7mpbh3wSexFyzSn0oOxXV.jpg","https://image.tmdb.org/t/p/w1280/pV1tdlFgqEY8hDDZLXyvmd9cKPM.jpg","由Billkin（普提蓬阿薩拉塔納功）飾演的警察線人「明」意外撿到一個神秘的紅包，被迫和由PP Krit（克里特·安努艾德奇康）所飾演的男鬼「迪迪」結婚，「明」為了讓「迪迪」不再糾纏自己並無憾離去，無所不用其極地幫助「迪迪」解開死亡的真相，從此展開人鬼共處的爆笑日常。",127,"4.5",[object Object],[object Object],[object Object],[object Object],[object Object],[object Object],1317920
6,"情書",,Sun Oct 23 2022 00:00:00 GMT+0800 (Taipei Standard Time),Tue May 13 2025 19:00:53 GMT+0800 (Taipei Standard Time),Tue May 13 2025 19:00:53 GMT+0800 (Taipei Standard Time),,"情書","https://image.tmdb.org/t/p/w500/3maCoQMBjYiuCwt18mzg9gCrUHd.jpg",,"施月霞，26歲，腹中的孩子即將臨盆，但她的丈夫卻不在這裡。劉耀廷，28歲，原本在高雄女中任教，但他卻在另個這裡──青島東路三號的軍法處看守所。信是唯一讓他在她這裡的方式。九個月又11天、80封情書，消弭了兩人之間的距離，直到那封「信」使一切歸零⋯⋯",25,"0.0",,1037661
7,"MINECRAFT麥塊電影",,Mon Mar 31 2025 00:00:00 GMT+0800 (Taipei Standard Time),Tue May 13 2025 19:00:54 GMT+0800 (Taipei Standard Time),Tue May 13 2025 19:00:54 GMT+0800 (Taipei Standard Time),,"A Minecraft Movie","https://image.tmdb.org/t/p/w500/rONvP6UsL1jaZyjrIquumYTZKvB.jpg","https://image.tmdb.org/t/p/w1280/2Nti3gYAX513wvhp8IiLL6ZDyOm.jpg","四位邊緣人「垃圾人」蓋瑞森(傑森摩莫亞 飾)、亨利(賽巴斯汀尤金漢森 飾)、娜塔莉(愛瑪梅耶斯 飾)和譚恩(丹妮爾布魯克斯 飾)，突然被拉進一個神祕入口，進入充滿想像力又古怪的方塊仙境「主世界」中。為了回家，他們必須設法掌控這個世界，並與專業蓋房人史蒂夫(傑克布萊克 飾)，並一同踏上神奇的探索之旅。此趟冒險旅程將挑戰他們五人的勇氣，並重新激發他們每個人具有獨特創造力的特質，而這些正是他們返回現實世界成長茁壯所需的技能。",101,"6.2",[object Object],[object Object],[object Object],[object Object],950387
8,"刺客密令",,Thu Aug 19 2021 00:00:00 GMT+0800 (Taipei Standard Time),Tue May 13 2025 19:00:54 GMT+0800 (Taipei Standard Time),Tue May 13 2025 19:00:54 GMT+0800 (Taipei Standard Time),,"The Protégé","https://image.tmdb.org/t/p/w500/trvRZ19px8zt58OOrqRwP2MXZ6z.jpg","https://image.tmdb.org/t/p/w1280/fbTxsnJcQwuwzCEu9VEiU9lV75Y.jpg","安娜（Maggie Q 飾）兒時被傳奇刺客穆迪（山繆傑克森 飾）所救，並接受他的訓練，成為世界頂尖的契約殺手。某天，穆迪遭到不明人士殺害，把他視為父親的安娜誓言要找出幕後黑手血債血償，並循線找到神祕殺手林布蘭（米高基頓 飾），與其展開一場致命的貓捉老鼠遊戲。然而，隨著真相逐漸明朗，安娜和林布蘭的關係也變得更加複雜……。",109,"6.6",[object Object],[object Object],[object Object],645788
9,"女警撞到夫",,Fri Feb 23 2024 00:00:00 GMT+0800 (Taipei Standard Time),Tue May 13 2025 19:00:54 GMT+0800 (Taipei Standard Time),Tue May 13 2025 19:00:54 GMT+0800 (Taipei Standard Time),,"Andrea lässt sich scheiden","https://image.tmdb.org/t/p/w500/5o8AN2T88AbVeQEgZay203m4HbQ.jpg","https://image.tmdb.org/t/p/w1280/cK1iDGZoLClngQwJULXDJhewK7Y.jpg","女警安卓雅為了擺脫不快樂的婚姻，決定調職開啟新人生，某天，她在回家途中撞見即將離婚的醉酒丈夫，慌亂之下逃離現場。第二天，一位戒酒教師居然無端替她背黑鍋，作為警察的她也開始思考，未竟的夢想、錯失的幸福、命運的相遇—— 老天開的這場玩笑，究竟底線在哪？",94,"5.5",[object Object],[object Object],900235
1,"刺心切骨",,Thu Nov 07 2024 00:00:00 GMT+0800 (Taipei Standard Time),Tue May 13 2025 19:00:53 GMT+0800 (Taipei Standard Time),Wed May 14 2025 17:06:46 GMT+0800 (Taipei Standard Time),,"刺心切骨","https://image.tmdb.org/t/p/w500/ctMqFfhkCvYLFX0kHdazQo8Wojy.jpg","https://image.tmdb.org/t/p/w1280/4ggd2yJ0YpWEpAwnJ75NUzByRkc.jpg","當得知他危險而詭祕莫測的哥哥即將出獄後，高中擊劍選手子傑相信他已改過自新，並違抗了想將哥哥的存在徹底抹除的母親，下定決心要不計一切代價幫助他。",109,"7.5",[object Object],[object Object],[object Object],940247
11,"劇場版 忍者亂太郎 毒竹忍者隊最強之軍師",,Fri Dec 20 2024 00:00:00 GMT+0800 (Taipei Standard Time),Tue May 13 2025 19:00:54 GMT+0800 (Taipei Standard Time),Tue May 13 2025 19:00:54 GMT+0800 (Taipei Standard Time),,"劇場版 忍たま乱太郎 ドクタケ忍者隊最強の軍師","https://image.tmdb.org/t/p/w500/A5qQXbNf7UMKxX01pL9Y8YuXpGo.jpg","https://image.tmdb.org/t/p/w1280/9ogScSDdzU98lLkbLSdtKbJLrEy.jpg","土井老師接受與黃昏時城忍者諸泉尊奈門的決鬥後下落不明，聽聞此事的山田老師和六年級生們隨即展開搜尋。然而，因土井老師的缺席，一年葉組竟找來黃昏時城忍者隊首領─雜渡昆奈門和諸泉尊奈門來擔任代課老師！讓這群忍蛋們狀況百出。在一片混亂的局勢中，霧丸無意間發現土井老師的所在線索。同一時間，在六年級生的搜尋行動時，黃昏時城忍者隊中的冷酷軍師─天鬼突如其來現身，令人震驚的是，天鬼的長相竟與土井老師如出一轍！強敵在前，忍蛋們必須展現強大的「羈絆」，才能克服這場前所未有的考驗。亂太郎、霧丸和新兵衛能否成功救回土井老師？",90,"6.0",[object Object],[object Object],[object Object],[object Object],[object Object],1279788
13,"北極小迷狐：吉娜&尤克",,Wed Dec 27 2023 00:00:00 GMT+0800 (Taipei Standard Time),Tue May 13 2025 19:00:54 GMT+0800 (Taipei Standard Time),Tue May 13 2025 19:00:54 GMT+0800 (Taipei Standard Time),,"Kina & Yuk : Renards de la banquise","https://image.tmdb.org/t/p/w500/2RgTd54xEtKEf2zbxP2LFlmAVfa.jpg","https://image.tmdb.org/t/p/w1280/9486WpZvT9BBlamLWUUOHWCO9r5.jpg","吉娜與尤克這對可愛的北極狐即將首次成為父母。然而，全球暖化影響地球生物的生存更加艱難。 負責外出覓食的尤克，意外被困在漂浮的冰塊上，吉娜被迫離開穴居，誤闖入人類生活的領域。他們能否及時找到彼此，迎接新生命的誕生？",85,"6.9",[object Object],[object Object],[object Object],983015
15,"叛逃公主歷險記",,Fri Oct 25 2024 00:00:00 GMT+0800 (Taipei Standard Time),Tue May 13 2025 19:00:55 GMT+0800 (Taipei Standard Time),Tue May 13 2025 19:00:55 GMT+0800 (Taipei Standard Time),,"Rebellious","https://image.tmdb.org/t/p/w500/1uHey2Eo0HQDL6SBGfUJfP2XOGq.jpg","https://image.tmdb.org/t/p/w1280/l30cJrcUOCYFyyMZ5nRxknq9fVR.jpg","一位任性的公主米娜遭到邪惡的巫師綁架，國王祭出了拯救親愛女兒的計畫：凡是成功救援公主米娜的勇敢男子，就能與她結婚。為了與公主成親而獲得廣大的權力，各地的公爵與王子們紛紛出走，只為了救援公主。而米娜早已許定的真愛——她博學又聰明的未婚夫羅南，必須運用他的智慧想辦法成功拯救公主，而且要快！被軟禁的公主也不是省油的燈，她發現了邪惡巫師的秘密，並且策劃了一次大膽的逃跑計畫…",94,"7.4",[object Object],[object Object],[object Object],[object Object],[object Object],1275261
17,"命中註定那頭鵝",,Fri Mar 14 2025 00:00:00 GMT+0800 (Taipei Standard Time),Tue May 13 2025 19:00:55 GMT+0800 (Taipei Standard Time),Tue May 13 2025 19:00:55 GMT+0800 (Taipei Standard Time),,"命中註定那頭鵝","https://image.tmdb.org/t/p/w500/br3AfKrOzZwpe121dcufxGAmfRR.jpg","https://image.tmdb.org/t/p/w1280/2YpNYJTqhwZT1Vka4DzQfk1jvUi.jpg","女主角月鵝是阿德利企鵝的頭號粉絲，一心嚮往前進南極做研究，相信愛情的本質跟企鵝的婚姻價值觀一樣很純粹，自己必定能遇見「命中註定的那頭鵝」，但當現實世界的愛情與夢想互相牴觸時，她該如何做決定？",98,"6.0",[object Object],[object Object],1203524
18,"喵的奇幻漂流",,Thu Aug 29 2024 00:00:00 GMT+0800 (Taipei Standard Time),Tue May 13 2025 19:00:55 GMT+0800 (Taipei Standard Time),Wed May 14 2025 17:06:19 GMT+0800 (Taipei Standard Time),,"Straume","https://image.tmdb.org/t/p/w500/tn89woD33WgLgT7ZMUr1r47hnql.jpg","https://image.tmdb.org/t/p/w1280/b3mdmjYTEL70j7nuXATUAD9qgu4.jpg","當世界即將走向末日，卻充斥著人類存在的痕跡。而當一隻黑貓的家園被大洪水摧毀後， 登上一艘小船當作牠的避難所，卻發現船上住著各式各樣的動物，儘管牠們無法溝通，但 牠們仍必須合作，穿梭於神秘的漂流世界，面對各種挑戰和危險。",85,"8.2",[object Object],[object Object],[object Object],823219
19,"國有器官",,Fri Feb 02 2024 00:00:00 GMT+0800 (Taipei Standard Time),Tue May 13 2025 19:00:56 GMT+0800 (Taipei Standard Time),Wed May 14 2025 17:06:27 GMT+0800 (Taipei Standard Time),,"State Organs: Unmasking Transplant Abuse in China","https://image.tmdb.org/t/p/w500/8XFIam9nI1ehgF6WtaGZlyOyWBa.jpg","https://image.tmdb.org/t/p/w1280/zUB0iZ9usRUhvscXWv3JeTDtSBy.jpg","",74,"0.0",[object Object],1276474
14,"劇場版「進擊的巨人」完結篇THE LAST ATTACK",,Fri Nov 08 2024 00:00:00 GMT+0800 (Taipei Standard Time),Tue May 13 2025 19:00:55 GMT+0800 (Taipei Standard Time),Wed May 14 2025 17:06:13 GMT+0800 (Taipei Standard Time),,"劇場版「進撃の巨人」完結編 THE LAST ATTACK","https://image.tmdb.org/t/p/w500/kkbGiEFXaLFWKLuJzMMJ4oEjUXS.jpg","https://image.tmdb.org/t/p/w1280/nB6IR9XfdRpVRKCz85uT97EjgwB.jpg","人類為了躲避巨人威脅而建築高聳巨大城牆，躲在城牆中過著苟且偷生的日子。一天，超大型巨人來襲打破了歷經百年的和平日常，紛亂中失去母親的少年艾連・葉卡自此發誓要驅逐所有巨人，成為與巨人戰鬥的調查軍團的一員。在幾番賭命的險惡戰鬥中，艾倫得到化身為巨人的能力，一邊為人類的勝利做出貢獻，逐步慢慢接近世界的真相。時光流逝，來到牆外世界的艾連選擇與調查軍團的伙伴們分道揚鑣，執行一個驚世駭俗的恐怖計畫。率領無數巨人將這個世界上所有能稱之為生命的生命盡數蹂躪的「地鳴」。以米卡莎和阿爾敏為首的倖存者們，為了阻止意圖毀滅世界的艾倫，挺身挑戰最後的戰役。",145,"8.5",[object Object],[object Object],[object Object],[object Object],1333100
16,"十字路口的豬",,Fri Oct 25 2024 00:00:00 GMT+0800 (Taipei Standard Time),Tue May 13 2025 19:00:55 GMT+0800 (Taipei Standard Time),Wed May 14 2025 17:06:46 GMT+0800 (Taipei Standard Time),,"Pig at the Crossing","https://image.tmdb.org/t/p/w500/gY5QrFznHiGzDnLmUeaiT3SfLug.jpg","https://image.tmdb.org/t/p/w1280/1g4PAl7KVat36Z8zp2MX2ht9J2x.jpg","《高山上的世界盃》欽哲諾布最新編導作品，如果有一天 生命毫無預警戛然而止，在現實與虛幻之間，死亡與轉生之間，用盡全力試圖彌補生前未竟之事，究竟是救贖還是執念？",117,"0.0",[object Object],1287986
21,"奧德蓋任務",,Fri Dec 13 2024 00:00:00 GMT+0800 (Taipei Standard Time),Tue May 13 2025 19:00:56 GMT+0800 (Taipei Standard Time),Tue May 13 2025 19:00:56 GMT+0800 (Taipei Standard Time),,"Old Guy","https://image.tmdb.org/t/p/w500/rNsJtq50HuBGQ6jaIYR0zGSuiv2.jpg","https://image.tmdb.org/t/p/w1280/kuYZz7aRnZvsyYyXwjuMCy0dPj4.jpg","已屆退休年齡的資深殺手丹尼（克里斯多夫沃茲 飾）深信自己仍然寶刀未老，好不容易等到「公司」再度指派他出任務，沒想到卻是要他幫忙訓練Z世代的菜鳥殺手威爾伯（庫柏霍夫曼 飾）。八字不合的他們被要求合力消滅一個敵對的犯罪集團，經歷各種衝突之後，兩人意外發現「公司」真正的陰謀……。",100,"5.8",[object Object],[object Object],1077782
23,"喜幹會",,Thu Jun 22 2023 00:00:00 GMT+0800 (Taipei Standard Time),Tue May 13 2025 19:00:56 GMT+0800 (Taipei Standard Time),Tue May 13 2025 19:00:56 GMT+0800 (Taipei Standard Time),,"Joy Ride","https://image.tmdb.org/t/p/w500/u2aiAEDA7FCczBPDCZ99ulTPtz8.jpg","https://image.tmdb.org/t/p/w1280/sbKeYtlQkvC0prXkMXJpYoOfwVU.jpg","律師奧黛麗（艾希莉朴 飾）是由白人夫婦扶養長大的亞裔女孩，她被老闆指派到中國出差，事成就可以晉升為事務所合夥人，因為不擅長講普通話，她決定邀請兒時玩伴洛洛（雪莉寇拉  飾）同行並充當翻譯。後來，洛洛的表妹死魚眼（莎賓娜吳 飾）也加入她們的隊伍，不善與人交際的她相當熟悉K-POP。旅程中，她們見到奧黛麗的大學室友凱特（史蒂芬妮許 飾），她目前在中國擔任電視劇演員。為了找到奧黛麗的親生媽媽，四個亞裔美國女孩在陌生的大地展開一段瘋狂又爆笑的旅程。",94,"6.6",[object Object],864168
27,"囍宴",,Fri Apr 18 2025 00:00:00 GMT+0800 (Taipei Standard Time),Tue May 13 2025 19:00:57 GMT+0800 (Taipei Standard Time),Tue May 13 2025 19:00:57 GMT+0800 (Taipei Standard Time),,"The Wedding Banquet","https://image.tmdb.org/t/p/w500/lnwwaMDR7L42DWZXCzkEiQMKqxs.jpg","https://image.tmdb.org/t/p/w1280/bqqthiW4JzYK3hz9LrqNZQWbNz6.jpg","一名韓裔男同志向男友求婚失敗，情急之下竟想與女同志好友假結婚，提供她與伴侶人工受孕的資金換取美國身份。遠在韓國的奶奶卻突然現身打亂計畫，婚禮迫在眉睫，兩對情侶的關係更面臨前所未有的考驗。",103,"8.5",[object Object],[object Object],[object Object],1278827
22,"哈爾濱",,Tue Dec 24 2024 00:00:00 GMT+0800 (Taipei Standard Time),Tue May 13 2025 19:00:56 GMT+0800 (Taipei Standard Time),Wed May 14 2025 17:06:25 GMT+0800 (Taipei Standard Time),,"하얼빈","https://image.tmdb.org/t/p/w500/m1fbsYMGdEbUtfmbfJCksMcYYV.jpg","https://image.tmdb.org/t/p/w1280/v3gkLh6xWdh4qprFbt27C7h4P1l.jpg","韓國獨立運動家安重根（玄彬 飾演）率領獨立軍組織，潛伏在靠近韓國北部邊境的新亞山，與日本軍隊展開戰鬥，並取得了重大勝利。身為韓國獨立軍的中將，安重根遵守戰爭國際法，釋放日本戰俘。然而此舉卻引發同袍對他的猜疑，導致獨立軍內部出現分裂。",108,"7.5",[object Object],[object Object],[object Object],[object Object],610251
28,"復活劫",,Fri Feb 09 2024 00:00:00 GMT+0800 (Taipei Standard Time),Tue May 13 2025 19:00:57 GMT+0800 (Taipei Standard Time),Wed May 14 2025 17:06:32 GMT+0800 (Taipei Standard Time),,"Håndtering av udøde","https://image.tmdb.org/t/p/w500/w0kvHuCoJs8oUhaLCnjfyPaugkX.jpg","https://image.tmdb.org/t/p/w1280/c2Gd2QwQx7IITMUoJgcckqMniqd.jpg","今年挪威奧陸斯熱浪侵襲，夏天異常炎熱，一連串匪夷所思的異象不斷發生，從所有車輛警鈴大作，城市電力異常，到人們不明所以地集體頭痛，空氣瀰漫著一股詭譎的氣氛。與此同時，三個痛失摯愛的家庭驚訝地發現，過世的人們全都死而復生，回到他們身邊。但他們必須搞清楚離奇復活的背後原因，以及這些復活人是否還是他們熟悉的故人？",98,"6.0",[object Object],[object Object],[object Object],1020896
24,"喬王出任務",,Wed Apr 02 2025 00:00:00 GMT+0800 (Taipei Standard Time),Tue May 13 2025 19:00:56 GMT+0800 (Taipei Standard Time),Wed May 14 2025 17:06:43 GMT+0800 (Taipei Standard Time),,"로비","https://image.tmdb.org/t/p/w500/5mXPE4N99lpCBnvb4hDWjbB0wxJ.jpg","https://image.tmdb.org/t/p/w1280/n9dnPIb1PYJtAJeX9X8phyibJoI.jpg","🔹 河正宇自編自導喜劇鉅獻！ 🔹《#模範計程車》金義城X《地下菁英》李東輝 X《酒鬼都市女人們》#崔始源 X《魷魚遊戲》朴海秀X《黑暗榮耀》車珠英X《Moving 異能》郭善英 精彩共演！ 🔹 這世上沒什麼我喬不了的事！",106,"4.0",[object Object],[object Object],1129557
29,"怪獸8號：Mission Recon",,Fri Mar 28 2025 00:00:00 GMT+0800 (Taipei Standard Time),Tue May 13 2025 19:00:57 GMT+0800 (Taipei Standard Time),Wed May 14 2025 17:06:08 GMT+0800 (Taipei Standard Time),,"アニメ『怪獣８号』第１期総集編／同時上映「保科の休日」","https://image.tmdb.org/t/p/w500/gGjJIqPkPYLnbEvsACDQn8ZIEBh.jpg","https://image.tmdb.org/t/p/w1280/yn16m5rlqE0ZAP5WSk6gvsM0zBM.jpg","「怪獸大國」日本的人民經常遭到怪獸肆無忌憚的侵略，嚴重影響到全民的日常生活。日比野卡夫卡曾經立志成為防衛隊員，如今卻是在怪獸專門清潔業工作。某天，卡夫卡被某種神秘的生物侵蝕，身體居然變身成怪獸⋯⋯負責討伐怪獸的日本防衛隊以代號稱之為「怪獸 8 號」。",110,"6.6",[object Object],[object Object],[object Object],1326106
25,"器子",,Fri Apr 11 2025 00:00:00 GMT+0800 (Taipei Standard Time),Tue May 13 2025 19:00:56 GMT+0800 (Taipei Standard Time),Wed May 14 2025 17:06:14 GMT+0800 (Taipei Standard Time),,"器子","https://image.tmdb.org/t/p/w500/1S1vakUhL2hDEDQVhL2kmZGKztJ.jpg",,"女兒在三個月大時失蹤，疑似被販嬰集團偷走，妻子過度自責後自戕，他為追查真相反被誣陷入獄，出獄後查出女兒是落入活摘器官集團，成為被取走心臟的「器子」。他悲憤難當，對犯罪集團連翻展開以暴制暴的復仇行動，全力營救作為「器子」的女兒。",109,"5.3",[object Object],[object Object],[object Object],1005985
32,"客製化先生",,Thu Feb 20 2025 00:00:00 GMT+0800 (Taipei Standard Time),Tue May 13 2025 19:00:58 GMT+0800 (Taipei Standard Time),Tue May 13 2025 19:00:58 GMT+0800 (Taipei Standard Time),,"Pfau - Bin ich echt?","https://image.tmdb.org/t/p/w500/xqGBa7WAIi1EWqlFZeCn9joXi4W.jpg","https://image.tmdb.org/t/p/w1280/xx9ehhZCMAty0mfo5yRNCAngc1o.jpg","孤單寂寞覺得冷？單槍匹馬要助陣？「客製化扮侶」團隊提供頂級神隊友服務，從商務到家庭、戀愛或趴踢，首席工具人馬提亞斯包你HOLD住全場魅力無法擋，化身夢中情人、理想爸爸、頂級隊友，助選助攻賀成交，讓你征服所有社交場合還附贈自我成長。在多重頂尖身分中切換，馬提亞斯逐漸失去自我，妻子憤而離家出走，迷惘的他決定加入詭異靈性團體，試圖找出真我。",102,"7.9",[object Object],[object Object],1245728
33,"小王子",,Wed Jul 29 2015 00:00:00 GMT+0800 (Taipei Standard Time),Tue May 13 2025 19:00:58 GMT+0800 (Taipei Standard Time),Tue May 13 2025 19:00:58 GMT+0800 (Taipei Standard Time),,"The Little Prince","https://image.tmdb.org/t/p/w500/gwbxrlFrlYMcgUGmDrrKgoboe06.jpg","https://image.tmdb.org/t/p/w1280/ugXEDHKGNUAp1ma4x7JOUCSmAXs.jpg","《功夫熊貓》導演馬克奧斯朋執導，將經典暢銷書【小王子】搬上大銀幕，動畫結合3D、手繪以及定格技巧，畫面精緻動人。老飛行員鄰居每天都會折一架紙飛機丟到小女孩家，講述著一位飛行員遇見小王子的故事…",108,"7.6",[object Object],[object Object],[object Object],[object Object],309809
37,"撼山河 撼向世界",,Fri Nov 17 2023 00:00:00 GMT+0800 (Taipei Standard Time),Tue May 13 2025 19:00:58 GMT+0800 (Taipei Standard Time),Tue May 13 2025 19:00:58 GMT+0800 (Taipei Standard Time),,"撼山河 撼向世界","https://image.tmdb.org/t/p/w500/jTkOO53xEysW43oHg1Yrad1w50h.jpg",,"陳明章，年輕時接觸西洋音樂，從披頭四到鮑伯狄倫，常常拿著一把吉他就自學自彈唱著，在那時臺灣戒嚴封閉的社會風氣中，沈浸在音樂裡的他感受到快樂與自由，因此立志成為音樂人。後來，遇見了陳達的月琴吟唱深受感動，決定回頭踏尋臺灣土地，認識這塊土地傳唱的歌謠樂音，於是環臺拜師學藝傳統戲曲音樂，融會貫通於創作上，寫出了許多屬於臺灣自己的音樂與故事⋯⋯。",109,"0.0",[object Object],1168336
50,"米奇17號",,Fri Feb 28 2025 00:00:00 GMT+0800 (Taipei Standard Time),Tue May 13 2025 19:01:00 GMT+0800 (Taipei Standard Time),Tue May 13 2025 19:01:00 GMT+0800 (Taipei Standard Time),,"Mickey 17","https://image.tmdb.org/t/p/w500/nxurv5ccvnqqz7WRTBMvV9ZARS0.jpg","https://image.tmdb.org/t/p/w1280/qUc0Hol3eP74dbW4YyqT6oRLYgT.jpg","故事講述了一個出乎意料的英雄米奇巴恩斯（羅伯派汀森飾），他發現自己陷入了一個極不尋常的處境：為了完成僱主的要求，他必須不斷經歷死亡，才能換取生存。",137,"6.9",[object Object],[object Object],[object Object],696506
34,"帶針的女孩",,Fri Sep 06 2024 00:00:00 GMT+0800 (Taipei Standard Time),Tue May 13 2025 19:00:58 GMT+0800 (Taipei Standard Time),Wed May 14 2025 17:06:34 GMT+0800 (Taipei Standard Time),,"Pigen med nålen","https://image.tmdb.org/t/p/w500/lSpGVC00eSWKrnAXUQqyQlcSDxC.jpg","https://image.tmdb.org/t/p/w1280/xPPBElHCcNQ7H3aXdLptykKxyZ1.jpg","這故事發生在1919年的哥本哈根，第一次世界大戰剛結束，各國忙著戰後重建，不過小鎮上一間紡織廠裡有個小生命即將來到這紛亂的世間，本應該值得慶賀，但他孤苦哀號的哭聲似乎預知了乖舛的命運。",123,"7.6",[object Object],[object Object],1232827
31,"完美伴侶",,Wed Jan 22 2025 00:00:00 GMT+0800 (Taipei Standard Time),Tue May 13 2025 19:00:57 GMT+0800 (Taipei Standard Time),Wed May 14 2025 17:06:39 GMT+0800 (Taipei Standard Time),,"Companion","https://image.tmdb.org/t/p/w500/gDr3gQme9seqs9inYpewleZXe3A.jpg","https://image.tmdb.org/t/p/w1280/sc1abgWNXc29wSBaerrjGBih06l.jpg","宅男魯蛇喬許與超正女神艾莉絲在超市意外相遇，兩人一見鍾情，當場陷入愛河，更成為眾人眼中的完美伴侶，不料在一場與朋友狂歡的聚會上，竟意外揭露這段看似完美的感情背後，所藏著駭人真相。",97,"7.1",[object Object],[object Object],[object Object],1084199
35,"復仇反擊戰",,Wed Apr 09 2025 00:00:00 GMT+0800 (Taipei Standard Time),Tue May 13 2025 19:00:58 GMT+0800 (Taipei Standard Time),Wed May 14 2025 17:06:40 GMT+0800 (Taipei Standard Time),,"The Amateur","https://image.tmdb.org/t/p/w500/bgkVm20XVVLdRlwzaIfMSvXVApF.jpg","https://image.tmdb.org/t/p/w1280/yMoEGh8kDEwqsoJumnQLwFJ9V6h.jpg","一名天資聰穎卻極為內向的中情局解碼員在妻子於倫敦的恐怖攻擊中喪命後，頓時陷入極度悲憤，在長官拒絕對此採取行動後，他決定親自出馬，踏上一段橫跨全球的危險長征，只為找出罪魁禍首的下落、一報血海深仇。雖非力大無窮，亦無矯健身手，他的科技長才反而成為他的終極武器，讓他飛天遁地只為達成目的。",123,"6.7",[object Object],[object Object],1087891
30,"學姊是男孩劇場版：雨後天晴",,Fri Feb 14 2025 00:00:00 GMT+0800 (Taipei Standard Time),Tue May 13 2025 19:00:57 GMT+0800 (Taipei Standard Time),Wed May 14 2025 17:06:17 GMT+0800 (Taipei Standard Time),,"映画 先輩はおとこのこ あめのち晴れ","https://image.tmdb.org/t/p/w500/qOCnr7MNK3jbWcLFusveOd2wsIe.jpg","https://image.tmdb.org/t/p/w1280/eG8wN73Ma8AwvXtqIHdMXkaVevq.jpg","★人氣TV動畫《學姊是男孩》續作躍上大銀幕  ★日本LINE Manga點擊數高達2億2千萬次話題作  ★榮獲日本「第5屆最希望動畫化漫畫排行榜」票選第1名  「只要我們在一起，任何事都會雨後天晴🌈」  ​ 執著於找到「特別」的學妹・咲  意識到自己「感情」的學姊・真琴  堅定「守護」著兩人的師父・龍二  ​ TV動畫《學姊是男孩》續作躍上大銀幕  交織著成長痛的青春物語將劃下感動終章——",82,"0.0",[object Object],[object Object],[object Object],[object Object],1362429
36,"封神第二部：戰火西岐",,Wed Jan 29 2025 00:00:00 GMT+0800 (Taipei Standard Time),Tue May 13 2025 19:00:58 GMT+0800 (Taipei Standard Time),Wed May 14 2025 17:06:37 GMT+0800 (Taipei Standard Time),,"封神第二部：战火西岐","https://image.tmdb.org/t/p/w500/5bBgvH3hTxlANUsLP1ov0lEKmJp.jpg","https://image.tmdb.org/t/p/w1280/4u0Pvva7aWR4ptgHdG3tDrTJeKw.jpg","烏爾善執導，鄧嬋玉率魔家四將等殷商大軍兵臨西岐，姜子牙、姬發在等崑崙仙人的幫助下，帶領西岐軍民大破「十絕陣」，保衛家園的故事。",144,"6.3",[object Object],[object Object],[object Object],1155281
40,"會計師2",,Wed Apr 23 2025 00:00:00 GMT+0800 (Taipei Standard Time),Tue May 13 2025 19:00:59 GMT+0800 (Taipei Standard Time),Tue May 13 2025 19:00:59 GMT+0800 (Taipei Standard Time),,"The Accountant 2","https://image.tmdb.org/t/p/w500/qY8gDFoRncaKh0B7e9wjT5wdrAv.jpg","https://image.tmdb.org/t/p/w1280/rdxdvXQGqCj2Vb7SvTL8gdxlSzI.jpg","克里斯汀沃夫（班艾佛列克　飾演）具有破解複雜難題的天賦。當一位舊識慘遭謀殺，並留下一條「去找會計師」的神祕訊息後，沃夫不得不開始追查此案。當他發現得用更極端手段時，沃夫找了他久未連絡、同時是名頂尖殺手的弟弟布萊斯頓（強柏恩瑟　飾演）合作。兄弟倆與美國財政部副局長瑪莉貝絲麥迪納（辛西亞艾黛羅賓森　飾演）聯手，一起揭露這樁致命陰謀，卻讓他們成為冷血殺手集團的目標，這群殺手無所不用其極也要掩蓋秘密。",133,"7.2",[object Object],[object Object],[object Object],870028
42,"我的老師首部曲：燈塔水母的秘密",,Fri Mar 28 2025 00:00:00 GMT+0800 (Taipei Standard Time),Tue May 13 2025 19:00:59 GMT+0800 (Taipei Standard Time),Tue May 13 2025 19:00:59 GMT+0800 (Taipei Standard Time),,"我的老師首部曲：燈塔水母的秘密","https://image.tmdb.org/t/p/w500/rJTMifPmfQZhlrZVBx2lToiBO5G.jpg",,"這部電影以景文高中生物老師陳諾為中心展開，他是高二七班的班導，教學認真負責且深受學生喜愛。一起校園性平事件後，陳諾面臨不實指控及舊傷再度被揭開，妻子積極支持他尋求正義。其他老師也因此重新思考教師身份與尊嚴，展現出各自的支持與行動。這部電影深入探討「老師」身份的真正意義，以及社會應如何支持那些為學生全心全意付出的教育工作者。",88,"0.0",[object Object],1419905
46,"粗獷派建築師",,Fri Dec 20 2024 00:00:00 GMT+0800 (Taipei Standard Time),Tue May 13 2025 19:01:00 GMT+0800 (Taipei Standard Time),Tue May 13 2025 19:01:00 GMT+0800 (Taipei Standard Time),,"The Brutalist","https://image.tmdb.org/t/p/w500/eWqcmFJMt3ib7AMOHl1PQQUjrVG.jpg","https://image.tmdb.org/t/p/w1280/hmZnqijPaaACjenDkrbWcCmcADI.jpg","匈牙利裔猶太建築師拉斯洛托特在納粹大屠殺中倖存下來，移民到美國展開新生活，同時等待妻子艾莉莎貝的到來。拉斯洛來到西方後，發現美國與他想像的截然不同，美國夢只是一場虛幻...",215,"7.1",[object Object],549509
49,"禁夜屍",,Thu May 01 2025 00:00:00 GMT+0800 (Taipei Standard Time),Tue May 13 2025 19:01:00 GMT+0800 (Taipei Standard Time),Tue May 13 2025 19:01:00 GMT+0800 (Taipei Standard Time),,"Rosario","https://image.tmdb.org/t/p/w500/k43Ckees8yXAPc6IfLsfjT6Ql7N.jpg","https://image.tmdb.org/t/p/w1280/5w3eT4OixKdSwetOUevHBA08bKC.jpg","蘿賽李奧（艾梅勞德杜比亞 飾）是一名成功的華爾街股票經紀人。某天，蘿賽李奧接到祖母意外過世的消息，於是前往祖母居住的公寓查看狀況。因為暴風雪的關係，蘿賽李奧被迫與祖母的遺體共度一夜。這時，一股邪惡力量佔據了祖母的遺體，蘿賽李奧成為家族世代流傳詛咒的目標……。",88,"4.5",[object Object],1297028
41,"海洋奇緣2",,Thu Nov 21 2024 00:00:00 GMT+0800 (Taipei Standard Time),Tue May 13 2025 19:00:59 GMT+0800 (Taipei Standard Time),Wed May 14 2025 17:06:36 GMT+0800 (Taipei Standard Time),,"Moana 2","https://image.tmdb.org/t/p/w500/vyAk20KmD0GVp95ZcOgDkoXKq30.jpg","https://image.tmdb.org/t/p/w1280/zo8CIjJ2nfNOevqNajwMRO6Hwka.jpg","影片敘述莫娜在與合作無間的毛伊展開浩瀚無際的冒險航程三年後，再度受到為她指路的祖先們召喚，令她必須展開一場遠渡大洋洲並深入前所未知的危險水域、迎向更勝以往的偉大冒險，並企圖聯繫四散汪洋的族人！",100,"7.1",[object Object],[object Object],[object Object],[object Object],1241982
44,"深淵宇宙",,Fri Apr 18 2025 00:00:00 GMT+0800 (Taipei Standard Time),Tue May 13 2025 19:00:59 GMT+0800 (Taipei Standard Time),Wed May 14 2025 17:06:44 GMT+0800 (Taipei Standard Time),,"深淵宇宙","https://image.tmdb.org/t/p/w500/aBwXFFVcVnd977DwdjY1gsPAo93.jpg",,"在不遠的未來，人類竟因陷入抑鬱，導致昏迷的心理疾病：「NFDD (Novel Fulminant Depressive Disorder) 」。 諮商師林心妍因為閨蜜罹患NFDD而與腦科學工程研究員—吳天睿相 遇。兩人發揮各自的專業，想要仍努力拼湊出個案的『深淵宇宙』，幫助 他們逃脫！過程中，卻悄悄發生了微妙的牽引。隨著兩⼈越來越接近彼此的同時，卻也越來越接近發病真相！ 我們每個人，都活在封閉的那座宇宙中。 而那道天崩地裂的裂縫背後，會是一個更絕望的深淵？或是另一種救贖？",75,"0.0",[object Object],1437779
45,"歌劇生死戀",,Mon Jan 20 2025 00:00:00 GMT+0800 (Taipei Standard Time),Tue May 13 2025 19:01:00 GMT+0800 (Taipei Standard Time),Wed May 14 2025 17:06:17 GMT+0800 (Taipei Standard Time),,"The Opera! - Arie per un'eclissi","https://image.tmdb.org/t/p/w500/hBobr2XoBH3zvKd5AfEexThxwnr.jpg","https://image.tmdb.org/t/p/w1280/oo7Wqf8pfwlBtuR2HsEovthwZIm.jpg","當新婚的喜悅升至高點，悲劇接踵而至。為了尋回摯愛，心碎的新郎在夕照下度過滾滾長河，展開一場地獄奇旅。一路有凶神相阻，也有愛神相助，最後所達之處，竟是一座神祕旅店。在幽黑的沼澤邂逅故人，也在生與死之間沉淪。即使險象環生，仍堅定吟唱愛的頌歌，只是新娘卻逐漸忘記他的名字。",106,"7.0",[object Object],[object Object],1261049
48,"窒息倒數",,Thu Feb 27 2025 00:00:00 GMT+0800 (Taipei Standard Time),Tue May 13 2025 19:01:00 GMT+0800 (Taipei Standard Time),Wed May 14 2025 17:06:19 GMT+0800 (Taipei Standard Time),,"Last Breath","https://image.tmdb.org/t/p/w500/3UkUzS10UTdl9rfT0hkxQ9qTTBP.jpg","https://image.tmdb.org/t/p/w1280/dGULFnPJKPh0sdu3F64YmQ0qcym.jpg","改編自2012真實海底災難事故。潛水員克里斯在一次「修復爆裂油管」時遇到意外而被困海底，氧氣瓶僅剩10分鐘可使用，而負責救援的隊友鄧肯與戴夫離救援現場卻至少30分鐘。面對滔天巨浪與肆虐風暴，鄧肯與戴夫全力以赴、不惜一切，與時間賽跑，只為取得一線生機將克里斯從深海中救出。",93,"6.9",[object Object],[object Object],972533
51,"狂人法則",,Wed Oct 09 2024 00:00:00 GMT+0800 (Taipei Standard Time),Tue May 13 2025 19:01:00 GMT+0800 (Taipei Standard Time),Tue May 13 2025 19:01:00 GMT+0800 (Taipei Standard Time),,"The Apprentice","https://image.tmdb.org/t/p/w500/cp2x877pmWmPYMOJtkIam55BPr4.jpg","https://image.tmdb.org/t/p/w1280/kv9xVrxfLpudBLyYf1QvLCpUQuy.jpg","川普瘋狂事蹟全揭露，川普法律團隊揚言提告的爭議之作！年輕的川普為了擺脫房地產大亨父親所帶來的陰影，立志要在曼哈頓房地產業界闖出名聲。因緣際會之下，他結識了惡名昭彰的律師羅依科恩。科恩看中川普的潛力，教導他邁向成功的「狂人法則」。兩人透過無所不用其極的瘋狂行事，成功讓川普的房地產事業崛起…",120,"6.9",[object Object],[object Object],1182047
52,"猎金·游戏",,Thu May 01 2025 00:00:00 GMT+0800 (Taipei Standard Time),Tue May 13 2025 19:01:01 GMT+0800 (Taipei Standard Time),Tue May 13 2025 19:01:01 GMT+0800 (Taipei Standard Time),,"猎金·游戏","https://image.tmdb.org/t/p/w500/9HnrAAdEPWhhzNIgoCQYtnyQI38.jpg",,"",110,"0.0",[object Object],1200063
59,"衝出迷境",,Fri Nov 15 2019 00:00:00 GMT+0800 (Taipei Standard Time),Tue May 13 2025 19:01:02 GMT+0800 (Taipei Standard Time),Tue May 13 2025 19:01:02 GMT+0800 (Taipei Standard Time),,"Projām","https://image.tmdb.org/t/p/w500/9JO7h9IjgUVllAGYsrOyNj3Tl9e.jpg","https://image.tmdb.org/t/p/w1280/1CcRNVxAYXLRVew7cQXoVPwi3Es.jpg","少年揹著降落傘在陌生異地醒來，黑色靈魂緊隨在側試圖吞蝕他，他只能憑一台摩托車、一只背包，及一隻小鳥的陪伴，克服心中恐懼，展開冒險。沿途奇特的風景、際遇及珍貴的友情，都讓他更加堅定找到回家的路。《喵的奇幻漂流》導演金茲斯巴洛迪斯作為初試啼聲的第一部動畫長片，耗費花費3年半的時間，一人獨立完成編劇、動畫製作、電影配樂以及全數後製工程，才完成這部嘔心瀝血之作，電影中虛實交錯的旅程，不只反映了導演獨力完成長片的心路歷程，還有他面對人生突破困境的勇氣與反思。",75,"6.4",[object Object],[object Object],[object Object],[object Object],597398
60,"誤判",,Sun Dec 08 2024 00:00:00 GMT+0800 (Taipei Standard Time),Tue May 13 2025 19:01:02 GMT+0800 (Taipei Standard Time),Tue May 13 2025 19:01:02 GMT+0800 (Taipei Standard Time),,"誤判","https://image.tmdb.org/t/p/w500/tnE3kZkpgsj095xfaqBlan4Vu3W.jpg","https://image.tmdb.org/t/p/w1280/4frrYwamVG0eXhdMTy3cpNNcCBp.jpg","一個由快遞包裹引發的誤判冤案：因幫朋友代收快遞包裹，一個香港年輕人捲入了一樁販毒案中，並因此判刑27年。甄子丹飾演的檢察官試圖糾正這場誤判，在過程中發現了更深層的黑暗。該故事由一樁發生在香港的真實案件改編而來，2016年一位香港青年因幫朋友代收快遞而遭判刑20餘年，2021年法庭再審後宣佈無罪並當庭釋放。該案在香港社會一度引起軒然大波，香港的法治也因此面臨民眾的詰問與譴責。",117,"7.3",[object Object],[object Object],[object Object],[object Object],1128650
56,"看我今天怎麼說",,Sat Jan 18 2025 00:00:00 GMT+0800 (Taipei Standard Time),Tue May 13 2025 19:01:01 GMT+0800 (Taipei Standard Time),Wed May 14 2025 17:06:24 GMT+0800 (Taipei Standard Time),,"看我今天怎麼說","https://image.tmdb.org/t/p/w500/rCStzXR7CYqCf0rqAuLkIxW9k75.jpg","https://image.tmdb.org/t/p/w1280/oljS0LzemMxyEPyqLxEqkGu9XTU.jpg","到底怎麼樣才是「正常人」？素恩和Alan戴上人工耳蝸，成為宣傳大使，苦練口語，融入聽人社會；但Alan的童年摯友子信卻始終以打手語為傲，樂觀沉浸在無聲世界，為人賣力洗車，夢想成為潛水教練。素恩與子信初為冤家，卻漸被彼此影響而敞開新世界的大門。然而現實的枷鎖，也考驗著三人的情誼。《狂舞派》導演黃修平新作，以輕盈節拍，捕捉聾人青年生機蓬勃的青春，拍出手語的動人生命力。",132,"0.0",[object Object],1239041
53,"破·地獄",,Sat Nov 09 2024 00:00:00 GMT+0800 (Taipei Standard Time),Tue May 13 2025 19:01:01 GMT+0800 (Taipei Standard Time),Wed May 14 2025 17:06:27 GMT+0800 (Taipei Standard Time),,"破·地獄","https://image.tmdb.org/t/p/w500/fA27nlZSOhCY8Zol2NHqaTdHo3w.jpg","https://image.tmdb.org/t/p/w1280/3gWzonuhwq7GUEdAywM3ykP1ekA.jpg","在疫情肆虐生意蕭條的背景下，婚禮策劃師道生（黃子華 飾）被迫改行成為一名葬禮經紀人。起初因理念不合與喃嘸師傅文哥（許冠文 飾）產生許多衝突，因面對一位特殊的逝者文哥的出手相助、親歷文哥與女兒文玥（衞詩雅 飾）相處的點點滴滴，也慢慢改變着道生對職業及生活的態度。",126,"7.7",[object Object],1226141
58,"藍色太陽宮",,Wed Mar 12 2025 00:00:00 GMT+0800 (Taipei Standard Time),Tue May 13 2025 19:01:01 GMT+0800 (Taipei Standard Time),Wed May 14 2025 17:06:35 GMT+0800 (Taipei Standard Time),,"Blue Sun Palace","https://image.tmdb.org/t/p/w500/yR4T3KHbD4Y4HVm173HcbgHuna7.jpg","https://image.tmdb.org/t/p/w1280/yHirNou62aeQwEQiuqcEqcgXLAp.jpg","紐約法拉盛的按摩院流連著慾望的軀體，也藏著不可見光的祕密。華人女孩艾米和狄迪在按摩院工作，人在異鄉，相扶生活。雖然身在階級底層，但在清晨促膝長談，在年節圍桌吃飯，仍是女孩們快樂的生活慰藉。然而，發生在春節期間的駭人意外，卻讓恬靜的生活一下子拂上陰霾。浴室漏水不止，艾米懷著罪疚失神度日，與狄迪的昔日情人張志安一起迎向洶湧的情感巨浪，也墜入深不見底的黑洞。難道離開紐約，終是唯一的解答？",117,"6.0",[object Object],1274751
55,"獅子王：木法沙",,Wed Dec 18 2024 00:00:00 GMT+0800 (Taipei Standard Time),Tue May 13 2025 19:01:01 GMT+0800 (Taipei Standard Time),Wed May 14 2025 17:06:36 GMT+0800 (Taipei Standard Time),,"Mufasa: The Lion King","https://image.tmdb.org/t/p/w500/c2wpotRQdZeGoaoJQzr7MQpJBjE.jpg","https://image.tmdb.org/t/p/w1280/oHPoF0Gzu8xwK4CtdXDaWdcuZxZ.jpg","故事開始由拉飛奇為辛巴與娜娜的小獅子女兒琪拉雅敘述榮耀國傳奇木法沙的故事，更由澎澎與丁滿在旁為故事加入幽默又搞笑的見解。故事以回述方式呈現…木法沙曾是一個孤兒幼獅，徬徨漂泊異地，直到他遇見了溫暖的皇室繼承人塔卡，這場相遇開啟了一場不凡的旅程，一路上更碰到了一群看似格格不入的旅伴，友情卻將它們緊緊相連。它們相互扶持抗致命的威脅，命運也考驗著他們的連結…",118,"7.4",[object Object],[object Object],[object Object],762509
57,"白雪公主",,Wed Mar 19 2025 00:00:00 GMT+0800 (Taipei Standard Time),Tue May 13 2025 19:01:01 GMT+0800 (Taipei Standard Time),Wed May 14 2025 17:06:23 GMT+0800 (Taipei Standard Time),,"Snow White","https://image.tmdb.org/t/p/w500/wt1eqcRGcRRJhCoNY26I5f5Qlap.jpg","https://image.tmdb.org/t/p/w1280/xb9wpY31SeVZbfkevYuolhfV63w.jpg","迪士尼白雪公主真人版，《戀夏500日》、《天才的禮物》馬克偉柏執導，由《西城故事》瑞秋曾格勒飾演白雪公主，蓋兒加朵飾演壞皇后。電影音樂歌曲將由《樂來越愛你》、《大娛樂家》班傑帕塞克與賈斯汀保羅擔任創作。",109,"4.5",[object Object],[object Object],447273
61,"絕命第19排",,Thu Nov 11 2021 00:00:00 GMT+0800 (Taipei Standard Time),Tue May 13 2025 19:01:02 GMT+0800 (Taipei Standard Time),Tue May 13 2025 19:01:02 GMT+0800 (Taipei Standard Time),,"Ряд 19","https://image.tmdb.org/t/p/w500/mMIHggBKdwVGN8cwkiOHG30DIMu.jpg","https://image.tmdb.org/t/p/w1280/f7YIqQmPuBLhheNCpvmLVMLH4Gn.jpg","一名年輕女醫生帶著她六歲大的女兒搭乘夜間航班時，不幸遇到一場可怕的風暴，機艙內的乘客開始因為不明原因接連死亡，這名女醫生開始意識到現實與惡夢的界線逐漸模糊，她被迫再次經歷童年無法抹滅的夢魘……。",77,"5.5",[object Object],[object Object],659384
62,"罪之聲",,Fri Oct 30 2020 00:00:00 GMT+0800 (Taipei Standard Time),Tue May 13 2025 19:01:02 GMT+0800 (Taipei Standard Time),Tue May 13 2025 19:01:02 GMT+0800 (Taipei Standard Time),,"罪の声","https://image.tmdb.org/t/p/w500/vqM2xg2ZgYaRcIc3xPWxWTIUSWL.jpg","https://image.tmdb.org/t/p/w1280/2gumweFvfr4nPEiBFJFVizymyFu.jpg","新聞記者阿久津英士（小栗旬 飾）被選入昭和最大未解決事件的特別企畫組，追查30多年前的事件真相。在此事件中，犯罪集團在威脅錄音帶裡用了三名孩子的聲音，阿久津對此十分在意。另一方面，在京都經營西裝店的曾根俊也（星野源 飾），在父親的遺物中發現了卡式錄音帶，感到在意的他聽了錄音帶的內容，竟然聽到了自己年幼時的聲音，而這竟與30多年前震撼日本的昭和最大未破懸案的歹徒，所用的威脅錄音帶中出現的聲音是一樣的……",142,"7.0",[object Object],[object Object],718497
64,"老狐狸",,Fri Nov 24 2023 00:00:00 GMT+0800 (Taipei Standard Time),Tue May 13 2025 19:01:02 GMT+0800 (Taipei Standard Time),Tue May 13 2025 19:01:02 GMT+0800 (Taipei Standard Time),,"老狐狸","https://image.tmdb.org/t/p/w500/gtcmhRXV8qkXW0XhTJ0CPyKi67t.jpg","https://image.tmdb.org/t/p/w1280/aCvWiaBL9Y2gGMi4GxVBqUyh6Nh.jpg","1989 年，十一歲廖界與父親廖泰來慢慢存錢，以為再三年就可以買房子，但他們沒有注意到世界正在改變。房價漲了，一瞬間他們的錢變得不夠，挫敗的廖界體會到貧窮的現實。相對於父親，人稱老狐狸的房東是勝利組，似乎更能給他人生的指引。老狐狸教廖界許多社會法則，那些都是父親沒教他的。廖界在老狐狸身上學的，反過來讓他傷害了老狐狸。但另一面，他又如同自己的父親，有同理別人的特質，這個特質，使他終究沒有成為另一個老狐狸。",112,"7.6",[object Object],1006012
67,"花神咖啡館",,Thu Nov 17 2011 00:00:00 GMT+0800 (Taipei Standard Time),Tue May 13 2025 19:01:03 GMT+0800 (Taipei Standard Time),Tue May 13 2025 19:01:03 GMT+0800 (Taipei Standard Time),,"Café de Flore","https://image.tmdb.org/t/p/w500/4A9evNH2Oy6R8N82WHCoP5xQYkK.jpg","https://image.tmdb.org/t/p/w1280/2tnNZo86wL8cq5dk4CQnLE8hMeL.jpg","2012加拿大金尼獎最佳影片、原創劇本、女主角等高達十三項入圍。2011威尼斯影展、多倫多影展秒殺搶手片。以《愛瘋狂》震驚國際影壇的尚馬克瓦利，再次運用經典歌曲與靈活敘事結構，交織出感人肺腑的跨時空戀曲。  處於現代時空的俊帥加拿大蒙特利爾DJ安東(凱文帕虹飾)，衣食無缺擁有兩個可愛女兒，看似擁有幸福一切的他，因愛上年輕動人的羅絲(艾芙琳布荷許飾)，決定與妻子卡蘿(海蓮芙洛虹飾)離婚，但卻從此深陷徘徊難以平衡的三角習題，同時還必須面對小孩與工作上的種種難題。在新歡懷中滿溢幸福的安東，一直無法遮掩與面對內心深處對前妻的愧疚而糾結萬分，他因走不出背叛婚姻的罪惡感而登門求助心理醫師。前妻不解為何從學生時代即相知相守的真愛會隨風逝去，她一心期待安東回心轉意重建完整的家，因而處於不穩定的精神狀態，更因此做著奇怪的夢，只好求助於靈媒。  另一端，1969年的巴黎市郊，年輕媽媽賈桂琳(凡妮莎帕荷蒂飾)在生下平均年齡才二十五歲的唐氏症寶寶羅宏後，丈夫拋下他們狠心離去，她因此全然放棄自我，更不聽勸告以自己的方式養育相依為命的愛兒，直到七歲兒子愛上班上同為唐氏症的女童薇若，打亂他們原本眼裡只有對方的生活步調，賈桂琳更因此深陷焦慮與不安的狀態之中...。佔為已有是否就是真愛？放開雙手亦能擁抱幸福？兩段看似獨立的故事，竟在不同時空中交織出感人至深的生命旅程．．．  全片以音樂巫師馬修赫伯操刀的主題曲【花神咖啡館】，恣意遊走現代加拿大與過去巴黎兩個截然不同的時空轉換，電影配樂結合電音、弛放與搖滾的迷幻空靈氛圍，點綴出夢幻浪漫與殘酷現實時快時慢的生命樂章，導演尚馬克瓦利更以獨特的節奏及電影語言揭開兩個不同故事之間的祕密，不僅震憾觀影者心緒，更帶領觀眾尋得內心最深處的靈魂。  強尼戴普的親密舊愛凡妮莎帕荷蒂和唐氏症寶寶的對手戲真情流露、扣人心弦。她特意與真實生活中同時也是唐氏症患者的小演員相處一個月，有時候她以權威面對小孩，有時候又是小孩可愛的玩伴，成功詮釋出快樂與憂傷的雙重特質，她更坦言這不是一個很好塑造的角色。在該片有清湛的演出的她，也因此獲得加拿大奧斯卡影后，堪稱演員生涯中最出色的代表作！",121,"6.9",[object Object],[object Object],85033
69,"贖夢",,Thu Mar 27 2025 00:00:00 GMT+0800 (Taipei Standard Time),Tue May 13 2025 19:01:03 GMT+0800 (Taipei Standard Time),Tue May 13 2025 19:01:03 GMT+0800 (Taipei Standard Time),,"贖夢","https://image.tmdb.org/t/p/w500/AtErBPZrXn7Hau8eotPQI9ArCNS.jpg","https://image.tmdb.org/t/p/w1280/8qCO07RAU2qpTHHOJoASQ0EBLH7.jpg","精神科醫生文醫生（劉俊謙 飾）擅長挖掘病患最深層的秘密，甚至不惜違規介入患者生活試圖導正。他偶然搭上夜班計程車司機蔡辛強（張家輝 飾）的車，發現蔡辛強的舉止不尋常，原來蔡辛強飽受惡夢所苦不敢入睡，他近乎瘋狂的妻子 （陳法拉 飾）堅信他們被鬼纏身，家內外貼滿詭異符咒，成日擔驚受怕、疑神疑鬼。文醫生察覺蔡辛強無法分辦夢境與現實，身體機能出現衰退，決心找出問題根源，但追查病因過程中怪事不斷，駭人真相即將一一揭開……。",98,"0.0",[object Object],[object Object],1063857
71,"雷霆特攻隊＊",,Wed Apr 30 2025 00:00:00 GMT+0800 (Taipei Standard Time),Tue May 13 2025 19:01:03 GMT+0800 (Taipei Standard Time),Tue May 13 2025 19:01:03 GMT+0800 (Taipei Standard Time),,"Thunderbolts*","https://image.tmdb.org/t/p/w500/vU3Ir6FXUvHvm3ASYN7Wl0qhgLn.jpg","https://image.tmdb.org/t/p/w1280/rthMuZfFv4fqEU4JVbgSW9wQ8rs.jpg","本片由傑克施雷爾執導，凱文費吉擔任製片人，「黑寡婦」史嘉蕾喬韓森擔任執行製片人，由佛蘿倫絲普伊飾演的新一代「黑寡婦」率先登場，陸續迎來其他在漫威電影宇宙中最不被期待的一群”類”反派成員組成團隊。  其中包括「酷寒戰士」、「幽靈」、「模仿大師」、「紅色衛兵」與”被革職”的「美國隊長」等，預告中還可以看到「伯爵夫人」瓦倫緹娜艾蕾格拉德芳亭。",127,"7.5",[object Object],[object Object],[object Object],986056
63,"罪人",,Wed Apr 16 2025 00:00:00 GMT+0800 (Taipei Standard Time),Tue May 13 2025 19:01:02 GMT+0800 (Taipei Standard Time),Wed May 14 2025 17:06:04 GMT+0800 (Taipei Standard Time),,"Sinners","https://image.tmdb.org/t/p/w500/9hRm4WVM3D5HzjMBTKSsPBOd50c.jpg","https://image.tmdb.org/t/p/w1280/nAxGnGHOsfzufThz20zgmRwKur3.jpg","「夜路走多的人，有天會發現有東西跟著你回家…」 雙胞胎兄弟（麥可·B·喬丹　飾演）試圖擺脫不愉快的過往，回到家鄉想重新開始，但卻發現更為恐怖的邪惡勢力正等待著他們的回歸…",138,"7.6",[object Object],[object Object],[object Object],1233413
68,"萬王之王",,Mon Apr 07 2025 00:00:00 GMT+0800 (Taipei Standard Time),Tue May 13 2025 19:01:03 GMT+0800 (Taipei Standard Time),Wed May 14 2025 17:06:11 GMT+0800 (Taipei Standard Time),,"The King of Kings","https://image.tmdb.org/t/p/w500/n66WEgkJGndAgaM6igMn43U6qHz.jpg","https://image.tmdb.org/t/p/w1280/gN0eu6s2qIzsHgznnsgMIfbPw3u.jpg","英國文豪查爾斯狄更斯透過一個孩子天真的眼睛講述了我們主耶穌基督的故事。",104,"8.0",[object Object],[object Object],[object Object],[object Object],1181107
70,"重裝制裁",,Wed Mar 26 2025 00:00:00 GMT+0800 (Taipei Standard Time),Tue May 13 2025 19:01:03 GMT+0800 (Taipei Standard Time),Wed May 14 2025 17:06:44 GMT+0800 (Taipei Standard Time),,"A Working Man","https://image.tmdb.org/t/p/w500/8Z9Yd8NCUGfeTZIpCLTkkNs6KE0.jpg","https://image.tmdb.org/t/p/w1280/fTrQsdMS2MUw00RnzH0r3JWHhts.jpg","妻子過世之後，萊文凱德（傑森史塔森 飾）離開了皇家海軍陸戰隊，轉當建築工人。某天，萊文的老闆女兒離奇失蹤，於是拜託萊文運用他過去的技能幫忙找人，結果意外揭發了一個涉及政府與犯罪集團的龐大犯罪陰謀……。",116,"6.5",[object Object],[object Object],[object Object],1197306
66,"花束般的戀愛",,Fri Jan 29 2021 00:00:00 GMT+0800 (Taipei Standard Time),Tue May 13 2025 19:01:03 GMT+0800 (Taipei Standard Time),Wed May 14 2025 17:06:03 GMT+0800 (Taipei Standard Time),,"花束みたいな恋をした","https://image.tmdb.org/t/p/w500/3Z8ezMWxB7lH8MfRCV0X0RHQLWz.jpg","https://image.tmdb.org/t/p/w1280/893hqH2OLQo1Vv0dwHtQmrfP3fT.jpg","在東京京王線明大前車站，因錯過末班車而偶然相遇的山音麥（菅田將暉 飾）與八谷絹（有村架純 飾），因對音樂和電影等喜好太過相似，讓兩人瞬間墜入情網，在大學畢業後一邊打工一邊展開同居生活。不管生活中發生什麼事，兩人都以維持現狀為目標，同時努力尋找正式的工作，就這樣不知不覺過了5年……。",124,"7.7",[object Object],[object Object],695932
74,"超時空武士",,Sat Aug 17 2024 00:00:00 GMT+0800 (Taipei Standard Time),Tue May 13 2025 19:01:04 GMT+0800 (Taipei Standard Time),Tue May 13 2025 19:01:04 GMT+0800 (Taipei Standard Time),,"侍タイムスリッパー","https://image.tmdb.org/t/p/w500/5sLOYRzdP7JTyZwZaOcl3aufGTQ.jpg","https://image.tmdb.org/t/p/w1280/tTUr3JaMRhA7Jt64lmrskF7xNRO.jpg","幕末戰火綿延，新座衛門和同伴深夜與仇敵對決，剎那間雷鳴閃電，再醒來竟已是白天，街道風景沒變但周遭對話不斷重演，想助人一臂之力還被罵不要干擾拍片。原來他已穿越百年，太平世代無需武士拔劍。頓失所依的他暈倒在寺廟前，被廟主撿回休養一起看電視吃甜點，放映的時代劇讓他從驚嚇不已看到淚流滿面，就此決心轉行去當臨演。本以為能安穩度日與過去再無關聯，沒想到那一夜有著更多祕密等著他去發現⋯⋯。",131,"8.7",[object Object],1287819
80,"鬼才要回家",,Fri Feb 21 2025 00:00:00 GMT+0800 (Taipei Standard Time),Tue May 13 2025 19:01:05 GMT+0800 (Taipei Standard Time),Tue May 13 2025 19:01:05 GMT+0800 (Taipei Standard Time),,"Nhà Gia Tiên","https://image.tmdb.org/t/p/w500/ddbDdGF2xFUgwXPb1zhCoGWuOdV.jpg","https://image.tmdb.org/t/p/w1280/9I1vkFmEGqJiod3lbWFSj47HDo8.jpg","與家人關係疏遠的美田（方美芝 飾）是一名Z世代的網紅，不相信鬼神之說的她，為了拍攝時下最流行的超自然影片，回到她的家族世居的祖厝，結果意外見到在她小時候過世的哥哥嘉明（黃立 飾）的鬼魂，為了讓嘉明能夠安心去投胎，美田必須協助他完成遺願：阻止家人們把祖厝賣掉……。",117,"10.0",[object Object],[object Object],[object Object],[object Object],1396079
81,"青春末世物語",,Fri Oct 04 2024 00:00:00 GMT+0800 (Taipei Standard Time),Tue May 13 2025 19:01:05 GMT+0800 (Taipei Standard Time),Wed May 14 2025 17:06:20 GMT+0800 (Taipei Standard Time),,"HAPPYEND","https://image.tmdb.org/t/p/w500/lIHRSdRuxKcSRDAuigveXKIlf98.jpg","https://image.tmdb.org/t/p/w1280/shWIpYYqbgpUUefpPj1VrYbPonE.jpg","東京的夜晚燈火閃爍，高中生悠多、小幸與朋友盡情蹉跎光陰玩樂享受。從夜店警察臨檢中逃脫、潛入教室放送電音節奏，瞧不起體制歧視的勢利造作。一次惡作劇卻引發校長追究，安裝電子保全全面監控，不料竟打亂校園生活、掀起了思潮風波。悠多只想活在當下追逐音樂夢，小幸則因身分認同覺醒走上街頭，在地震頻繁的壓抑氛圍中，他們的友誼也在畢業前夕逐漸失控。",113,"7.2",[object Object],730251
72,"鑽石大劫案：極盜戰",,Wed Jan 08 2025 00:00:00 GMT+0800 (Taipei Standard Time),Tue May 13 2025 19:01:04 GMT+0800 (Taipei Standard Time),Wed May 14 2025 17:06:23 GMT+0800 (Taipei Standard Time),,"Den of Thieves 2: Pantera","https://image.tmdb.org/t/p/w500/6l5fR5alRSWcWtOTSvNo4G6zXy7.jpg","https://image.tmdb.org/t/p/w1280/ceo3DkR2z8wSrbFVKIVnZLlyN3u.jpg","犯下劫鈔案而展開逃亡的主謀唐尼，來到歐洲的他，與惡名昭彰的黑幫「黑豹」勾搭上，以全球最大鑽石交易所為目標，策劃一場驚心動魄的搶劫案。另一方面，未能成功攔截唐尼的警探尼克陷入人生低潮。一心想要復仇的他，也來到歐洲找上唐尼，向他表示自己已無任何東西可以失去，決定與他聯手這樁史上最大鑽石搶案。",144,"6.8",[object Object],[object Object],[object Object],604685
79,"鬼房客",,Thu May 16 2024 00:00:00 GMT+0800 (Taipei Standard Time),Tue May 13 2025 19:01:05 GMT+0800 (Taipei Standard Time),Wed May 14 2025 17:06:26 GMT+0800 (Taipei Standard Time),,"ผู้เช่า","https://image.tmdb.org/t/p/w500/vyrK4aOD14ozbi56JiuLGPa7wmn.jpg",,"年輕的設計師馬奇(努查潘帕拉馬查倫羅傑 飾)為了省錢搬進一棟租金很便宜的公寓,後來才知道曾經有一名孕婦在這棟公寓裡自殺,隨著時間過去,他漸漸發現這裡的房客們不太對勁,這棟公寓似乎隱藏著什麼更可怕的秘密……。",87,"4.5",[object Object],[object Object],1276131
76,"警上添花",,Wed Jul 17 2024 00:00:00 GMT+0800 (Taipei Standard Time),Tue May 13 2025 19:01:04 GMT+0800 (Taipei Standard Time),Wed May 14 2025 17:06:40 GMT+0800 (Taipei Standard Time),,"संतोष","https://image.tmdb.org/t/p/w500/oLt9JUtKZF7xTid1MNhdWK9RFLO.jpg","https://image.tmdb.org/t/p/w1280/c6DH4DO5Gf1MRuFIA8omh2b6psn.jpg","印度北方鄉村，寡婦桑托絲在警官丈夫因公殉職後，因政府政策意外踏上新人生——接下亡夫警職，從地位卑微的家庭主婦，躍升為手握公權力的警察。然而制服易換，身分難移，在強勢父權與森嚴階級的枷鎖下，歧視與質疑如影隨形。伴隨工作深入，她還發現警界遠非表面光鮮。此時，一起賤民少女姦殺案震驚全國，高層特派女督察負責調查，桑托絲受到器重，卻也陷入更險峻的權力角力與道德困局。",120,"7.1",[object Object],[object Object],[object Object],1233208
78,"鬼迷藏",,Fri Apr 05 2024 00:00:00 GMT+0800 (Taipei Standard Time),Tue May 13 2025 19:01:04 GMT+0800 (Taipei Standard Time),Wed May 14 2025 17:06:49 GMT+0800 (Taipei Standard Time),,"The Last Hide and Seek","https://image.tmdb.org/t/p/w500/zJFilnOFNMZsYueSX4BzW3XXZXp.jpg",,"男孩阿東與他的朋友們在一棟廢棄大樓裡玩捉迷藏，渾然不知這裡即將被爆破拆卸，建築工人們發現有小孩的蹤影，於是趕緊將他們帶出來，只有一位女孩努安因為躲得太過隱密而沒能成功逃脫。13年後，當年的廢棄大樓已經改建成一所大學，阿東跟他的朋友們也成為了這所大學的學生，當年的悲劇將為他們帶來前所未見的恐怖……。",0,"0.0",,1281078
77,"飆風男孩",,Thu Aug 01 2024 00:00:00 GMT+0800 (Taipei Standard Time),Tue May 13 2025 19:01:04 GMT+0800 (Taipei Standard Time),Wed May 14 2025 17:06:50 GMT+0800 (Taipei Standard Time),,"La bicicletta di Bartali","https://image.tmdb.org/t/p/w500/ntCjDlhu81oZO5gSWWuav6QbQC2.jpg","https://image.tmdb.org/t/p/w1280/1yjzvdeYr4hWgrLDftbl6KZ737M.jpg","猶太少年大衛和阿拉伯少年伊布拉分別是兩支車隊的領騎，總是在同一條山路練習的他們起初互看對方不順眼，卻在過程中漸漸地發現自己在這樣的切磋下也不斷打破過往的紀錄、超越自己，兩人也因此建立起深厚的友誼。然而，在國族認同與歷史仇恨的高牆之下，這段友誼困難重重。正當大衛苦惱不已時，他的祖父告訴他多年前義大利三連霸自行車冠軍吉諾·巴特利的故事。",0,"0.0",[object Object],1319478
73,"長安三萬里",,Sun Jul 02 2023 00:00:00 GMT+0800 (Taipei Standard Time),Tue May 13 2025 19:01:04 GMT+0800 (Taipei Standard Time),Wed May 14 2025 17:06:15 GMT+0800 (Taipei Standard Time),,"长安三万里","https://image.tmdb.org/t/p/w500/7wxk8Ka5AGUIjCpEPg4vBOwSSul.jpg","https://image.tmdb.org/t/p/w1280/q4y0PmDGRX193kfdtVk26O7Ujrk.jpg","安史之亂爆發後數年，吐蕃大軍攻打西南方。 大唐節度使高適交戰不利，長安岌岌可危。 困守孤城的高適向監軍太監回憶起自己與李白的一生往事。",168,"7.6",[object Object],[object Object],1089654
82,"鬼舞屍",,Thu Nov 14 2024 00:00:00 GMT+0800 (Taipei Standard Time),Tue May 13 2025 19:01:05 GMT+0800 (Taipei Standard Time),Tue May 13 2025 19:01:05 GMT+0800 (Taipei Standard Time),,"มาลี","https://image.tmdb.org/t/p/w500/1R0ZgDLFxFSSG9GFv02lCz4qycv.jpg",,"阿欣、迪恩、喬巴和肯四個好朋友在迪恩的母親過世後相聚，他們自願留下來陪伴迪恩，幫助他整理曾為舞蹈學校，現今空無一人的老宅。但當他們踏進這間屋子怪事便不斷發生，尤其在阿欣戴上了一頂瑪諾拉舞者的尖頂寶冠「差達」後，似乎有什麼存在被喚醒了…。",87,"6.0",[object Object],[object Object],1328020
83,"頤和園",,Thu May 18 2006 00:00:00 GMT+0800 (Taipei Standard Time),Tue May 13 2025 19:01:05 GMT+0800 (Taipei Standard Time),Tue May 13 2025 19:01:05 GMT+0800 (Taipei Standard Time),,"颐和园","https://image.tmdb.org/t/p/w500/qcHyRAhXJG5vEjwNwmP9zZgdXWU.jpg","https://image.tmdb.org/t/p/w1280/p2ssbuL7NZSpBGIDjthP9S39d7m.jpg","《頤和園》（英文：Summer Palace）是一部2006年中國大陸電影，由婁燁執導，郭曉冬、郝蕾、胡伶和張獻民主演。影片講述了兩名青年男女跨越十幾年的的感情糾紛，其中穿插著六四事件等社會背景。本片也是中國大陸首部男女主角正面全裸出鏡的電影。  《頤和園》於2006年5月18日在坎城電影節首映。電影中的政治色彩與大量的性愛場景在中國大陸受到關注，因未經中國國家廣播電影電視總局批准而擅自參加坎城電影節，本片在中國大陸被封禁，導演與製片人受到了處罰。",135,"7.4",[object Object],[object Object],17422
84,"屍房菜",,Fri Apr 07 2023 00:00:00 GMT+0800 (Taipei Standard Time),Tue May 13 2025 19:01:05 GMT+0800 (Taipei Standard Time),Tue May 13 2025 19:01:05 GMT+0800 (Taipei Standard Time),,"屍房菜","https://image.tmdb.org/t/p/w500/iv7WZKutR9FGYuRg5LFA3hWFIAe.jpg","https://image.tmdb.org/t/p/w1280/3jtF9xGRE58EouSB9UMp5sqKV5P.jpg","男孩被輪姦後，變成淘氣小鬼，附身不同宿主，周遊列國，偷窺活人的一夜情，捉弄不忠的情人，還去探望了變性的哥哥。本片結合奇情與狂野想像，跨越二元性別 / 性向對立，探討「貌似不忠的真愛」。",89,"4.8",[object Object],[object Object],1002317
85,"12.12：首爾之春",,Wed Nov 22 2023 00:00:00 GMT+0800 (Taipei Standard Time),Tue May 13 2025 19:01:06 GMT+0800 (Taipei Standard Time),Tue May 13 2025 19:01:06 GMT+0800 (Taipei Standard Time),,"서울의 봄","https://image.tmdb.org/t/p/w500/yCSH3cim8Y1pAGBFsyfATTCf9Z9.jpg","https://image.tmdb.org/t/p/w1280/yOn8w3aGd6Rf9JYki7XaC9ZiyDg.jpg","1979年10月26日發生總統遇刺事件後，在首爾迎來新氣象之際，12月12日保安司令官全斗光發起政變，動員軍方內部的私人組織，甚至還召回最前線的前方部隊到首爾。被權力蒙蔽雙眼的全斗光所帶領的叛軍，以及與其對抗的首都警備司令官李泰臣的鎮壓軍之間，一觸即發的9個小時正在流逝……賭上性命的兩大勢力旗鼓相當的對立，今晚，將在韓國首都展開最熾熱的戰爭！",142,"7.5",[object Object],[object Object],[object Object],[object Object],[object Object],[object Object],919207
88,"惡靈陷阱",,Thu Feb 20 2020 00:00:00 GMT+0800 (Taipei Standard Time),Tue May 13 2025 19:01:06 GMT+0800 (Taipei Standard Time),Tue May 13 2025 19:01:06 GMT+0800 (Taipei Standard Time),,"In the Trap","https://image.tmdb.org/t/p/w500/l5fJNBIUrd2kdnJZmWuJ1kX1YAO.jpg","https://image.tmdb.org/t/p/w1280/gKHs0mc8obOFpn3t3R8JydAkeF6.jpg","菲利浦是個孤獨的校稿員，遭到一股神祕未知的邪惡力量糾纏而心生恐懼的他，將自己關在公寓裡長達兩年之久，不敢踏出家門一步。  在門外虎視眈眈的邪靈，也將以各種方式誘惑菲利浦，試圖佔據他的身體……",90,"4.6",[object Object],[object Object],646541
90,"精奇大家庭",,Wed Dec 11 2024 00:00:00 GMT+0800 (Taipei Standard Time),Tue May 13 2025 19:01:06 GMT+0800 (Taipei Standard Time),Tue May 13 2025 19:01:06 GMT+0800 (Taipei Standard Time),,"대가족","https://image.tmdb.org/t/p/w500/iQVOQ2DbbyNU1b1wEbauhTs827T.jpg","https://image.tmdb.org/t/p/w1280/qdl3SlctJM72sUbv8zo2UjHoIpv.jpg","無玉（金倫奭 飾）是美食老店「平滿屋」的老闆，客人總是絡繹不絕。但自從無玉的獨子文錫（李昇基 飾）出家成為僧侶後，無人能為家族傳宗接代，這令無玉擔心不已。然而某日，自稱是文錫兒女的孩子們竟找上平滿屋！原以為家族會就此斷後的無玉，體驗到前所未有的幸福。文錫在回想成為僧侶前的生活時，竟得知令人震驚的事實……",106,"7.0",[object Object],[object Object],1064205
89,"我依然在此",,Thu Sep 19 2024 00:00:00 GMT+0800 (Taipei Standard Time),Tue May 13 2025 19:01:06 GMT+0800 (Taipei Standard Time),Wed May 14 2025 17:06:45 GMT+0800 (Taipei Standard Time),,"Ainda Estou Aqui","https://image.tmdb.org/t/p/w500/rO3V8ANyrA5BSfkVPx2w72udsTD.jpg","https://image.tmdb.org/t/p/w1280/x0pkoGlwWdkzRxgQioD3cUG0awu.jpg","1970年的里約熱內盧，沙灘上到處是嬉鬧人群，魯本斯與尤妮絲一家七口就住在海濱街區，與朋友聚會、歡笑暢談、拍照留念是他們的日常；但同時，不滿獨裁政府的反對聲浪四起，也讓白色恐怖逐漸蔓延每個角落。一日，意外的訪客打破平靜，魯本斯遭軍方強行帶走，自此下落不明。悲痛的尤妮絲被迫挺身而出，找尋丈夫失蹤的真相，並獨自撐起這個家，以堅定的心持續帶給孩子們完整的愛與希望。",136,"8.0",[object Object],[object Object],1000837
87,"366日",,Fri Jan 10 2025 00:00:00 GMT+0800 (Taipei Standard Time),Tue May 13 2025 19:01:06 GMT+0800 (Taipei Standard Time),Wed May 14 2025 17:06:38 GMT+0800 (Taipei Standard Time),,"366⽇","https://image.tmdb.org/t/p/w500/jtYhFAyFy5PLaeMQIq544ymzmgO.jpg","https://image.tmdb.org/t/p/w1280/eV3eYDP3dIM6l2T2V9Ad62aJzJn.jpg","2003年，住在沖繩的高中生湊（赤楚衛二 飾）偶然邂逅同校的學妹美海（上白石萌歌 飾），兩人因為喜歡同一首歌，自然而然地互相吸引，並在湊畢業的那天正式告白，兩人開始交往。母親因病去世後，湊原本想要放棄音樂的夢想，但受到美海一句話的鼓舞，「總有一天，我想聽聽湊前輩寫的歌」，湊決心前往東京深造。兩年後，美海也來到東京，與湊再次相遇，兩人在東京開始過著幸福的每一天。湊在一家音樂公司找到了工作，美海也努力朝專業口譯邁進。兩人曾希望「願這樣的幸福，一年365天持續下去」。然而有一天，湊突然提出分手，並離開了美海…。",123,"0.0",[object Object],[object Object],1404326
91,"電影版 孤獨的美食家",,Fri Jan 10 2025 00:00:00 GMT+0800 (Taipei Standard Time),Tue May 13 2025 19:01:06 GMT+0800 (Taipei Standard Time),Tue May 13 2025 19:01:06 GMT+0800 (Taipei Standard Time),,"劇映画 孤独のグルメ","https://image.tmdb.org/t/p/w500/sW4JlzjMGbAogtFP4IzJvbhjhoI.jpg","https://image.tmdb.org/t/p/w1280/9V1qOPkGgWg4sjhFPtAiULU2f5r.jpg","從事進口雜貨銷售的井之頭五郎（松重豐飾演），是個喜歡在工作之餘到處品嚐美饌的老饕。只要肚子一餓，就會秉持「吃飯皇帝大」的信念，拋下一切直奔周遭的餐廳食堂大快朵頤。他最愛享受用餐時不被人打擾，細細品嚐料理的美好時光，更愛在內心自言自語品評美食滋味。這回，他接到前女友的女兒——千秋（杏飾演）的委託，前往法國拜訪千秋的祖父一郎（鹽見三省飾演），並要幫助一郎找出童年時曾喝過的湯頭食譜。儘管線索相當稀少，五郎依舊踏上尋找「究極湯頭」的旅程，足跡遍及法國、南韓、長崎和東京。不過在這趟旅程當中，他卻意外捲入到一場更大的風暴當中…。",111,"6.5",[object Object],[object Object],[object Object],1315076
92,"傷痕-老兵的故事",,Fri Dec 06 2024 00:00:00 GMT+0800 (Taipei Standard Time),Tue May 13 2025 19:01:07 GMT+0800 (Taipei Standard Time),Tue May 13 2025 19:01:07 GMT+0800 (Taipei Standard Time),,"傷痕-老兵的故事","https://image.tmdb.org/t/p/w500/yHtLDMnBCZiQQSr2uIxgXdzK8q4.jpg",,"1949 年來台的老兵們，身上帶著來自戰爭的記憶與創傷，在台成家立業的榮民們，憶起當年成為軍人、參加戰役、遷徙來台、落地生根的思鄉情節，也親身經歷過生離死別、離鄉背井、顛沛流離。在大時代環境變遷下，高雄左營祥和里劉德文里長逐漸與獨居榮民結緣，更步上一條護送已故老榮民返鄉的路程，一窺榮民們面對戰爭、療癒創傷的一生。本片以兩條故事線交錯敘事，從老榮民們的現身說法，拼湊遷徙來台的生活故事，到高雄左營祥和里里長護送榮民骨灰返鄉，受託尋找失聯親友的動人緣分，揭示戰爭對個人和社會的深遠影響。",70,"0.0",[object Object],1401562
94,"咒術屍戰",,Wed Jul 28 2021 00:00:00 GMT+0800 (Taipei Standard Time),Tue May 13 2025 19:01:07 GMT+0800 (Taipei Standard Time),Tue May 13 2025 19:01:07 GMT+0800 (Taipei Standard Time),,"방법: 재차의","https://image.tmdb.org/t/p/w500/qcL6bBs4maqjdoGxX7R8hoNPb1I.jpg","https://image.tmdb.org/t/p/w1280/gkd9A6PKd3W4BryClsF4dcU7Qmq.jpg","在殺人案現場發現了被害者與嫌犯的遺體，然而嫌犯早已在三個月前死亡，這令警方陷入混亂。另一方面，追查懸疑事件的記者林珍熙（嚴志媛 飾）在廣播節目中，接到自稱是殺人案真凶的電話，對方表示想在直播中接受專訪。警方與網友們都十分關注林珍熙記者的直播節目，專訪當天現身的嫌犯預告甦醒的屍體「在此矣」，將犯下第三起殺人案……預告殺人的那天，出現了龐大的「在此矣」活死人軍團，開始無差別攻擊民眾，警方出動所有警力也束手無策，究竟操控這些活屍的幕後主使者是誰？阻止他們唯一的「謗法」即將到來！",110,"7.5",[object Object],[object Object],[object Object],724885
95,"犯罪都市4",,Wed Apr 24 2024 00:00:00 GMT+0800 (Taipei Standard Time),Tue May 13 2025 19:01:07 GMT+0800 (Taipei Standard Time),Tue May 13 2025 19:01:07 GMT+0800 (Taipei Standard Time),,"범죄도시 4","https://image.tmdb.org/t/p/w500/mIFpxKDE5GgDX3e3EEG4j6MKSee.jpg","https://image.tmdb.org/t/p/w1280/mO9oOVXM8tTlC11VFM4FBBNnL3f.jpg","「怪物刑警」馬錫道（馬東石 飾）在搜查利用外送APP販毒的案件時，發現遭通緝的APP開發者在菲律賓死亡的案件與大規模的網路非法賭博組織有關。特種部隊傭兵出身的白昌其（金武烈 飾），在菲律賓設置據點，以殘忍手段掌控韓國網路非法賭博市場；IT業界出身的天才CEO．張東哲（李東輝 飾）則在韓國籌備規模更大的計畫。馬錫道為了將壞傢伙們一網打盡，決定與張夷帥（朴智煥 飾）、廣搜隊及網路搜查隊合作，展開更勝以往的掃蕩行動！",109,"6.8",[object Object],[object Object],[object Object],[object Object],[object Object],1017163
96,"海豹神兵：英勇行動",,Fri Feb 24 2012 00:00:00 GMT+0800 (Taipei Standard Time),Tue May 13 2025 19:01:08 GMT+0800 (Taipei Standard Time),Tue May 13 2025 19:01:08 GMT+0800 (Taipei Standard Time),,"Act of Valor","https://image.tmdb.org/t/p/w500/k4R4Anc9BrwAkM7I4NWQuclOtIp.jpg","https://image.tmdb.org/t/p/w1280/bHefJgSTO3JOZy9fETN6cWpvbMX.jpg","本片改編自真實事件，海豹部隊特戰小組在營救遭綁的中情局特務時，意外發現恐怖組織計畫襲擊美國本土的陰謀，為了捍衛國家與守護摯愛的家人，這支特戰菁英將橫跨全球追獵幕後主使，不惜一切代價阻止恐怖攻擊的發生……",110,"6.5",[object Object],[object Object],[object Object],75674
97,"非紳士特攻隊",,Thu Apr 18 2024 00:00:00 GMT+0800 (Taipei Standard Time),Tue May 13 2025 19:01:08 GMT+0800 (Taipei Standard Time),Tue May 13 2025 19:01:08 GMT+0800 (Taipei Standard Time),,"The Ministry of Ungentlemanly Warfare","https://image.tmdb.org/t/p/w500/eIUo4bcXxxwsIXjfuMySIve7ufm.jpg","https://image.tmdb.org/t/p/w1280/jLRtQNOwA0ul2gnRoZ0QjNwMUN1.jpg","二次世界大戰期間，歐洲接連被德國納粹攻陷，英國受到德國的持續轟炸，甚至連物資補給管道都被摧毀，讓英國的投降聲浪不斷。不過首相邱吉爾非但不屈服，反而更下定決心要改變現狀！某日，他發現德國艦隊總會來到赤道幾內亞的小港口，重新武裝與修理軍艦，而這正是可以摧毀德國戰爭資源的大好機會。掌握到珍貴情報，又看準能夠猛烈反攻的時機，邱吉爾下令組織一批機密特攻隊，並由古斯（亨利卡維爾飾演）帶頭衝鋒陷陣。這支隊伍的唯一原則，就是「不需紳士！不擇手段！」帶著必死決心的這群機密特工，最終能否打贏勝仗，成為扭轉戰局的關鍵呢？",120,"7.1",[object Object],[object Object],[object Object],799583
101,"2018大洪水",,Fri May 05 2023 00:00:00 GMT+0800 (Taipei Standard Time),Tue May 13 2025 19:01:08 GMT+0800 (Taipei Standard Time),Tue May 13 2025 19:01:08 GMT+0800 (Taipei Standard Time),,"2018","https://image.tmdb.org/t/p/w500/wNBb6Vpl7lU0tSqPxPEQaFdjKBU.jpg","https://image.tmdb.org/t/p/w1280/phHKTgg0D1KcbxCm2MDdHQ3TKqR.jpg","這場百年來的毀滅性天災，誰也料想不到這場雨是如此急促、湍急，浸濕的衣褲已分不清是雨水還是淚水。不過救援仍得繼續，那怕是一個兩個生命，於是村民紛紛組織，使用竹筏、漁船涉水搜尋每一角落，那只為找到他們重要的家人。",150,"7.7",[object Object],[object Object],[object Object],866440
102,"天涯何處有芳草",,Wed Mar 08 2023 00:00:00 GMT+0800 (Taipei Standard Time),Tue May 13 2025 19:01:08 GMT+0800 (Taipei Standard Time),Tue May 13 2025 19:01:08 GMT+0800 (Taipei Standard Time),,"Faraway","https://image.tmdb.org/t/p/w500/4IiY3B3hTySsxWvBbDLjBquXVG3.jpg","https://image.tmdb.org/t/p/w1280/pUptUgPYwdNVSzMNRcUUs7WZ2Ap.jpg","一名女子繼承了克羅埃西亞小島上的一幢房子後，心血來潮展開一場旅行，重燃人生的樂趣，也推開了新戀情的大門。",109,"6.6",[object Object],[object Object],1081291
103,"絕命終結站：血脈",,Fri May 09 2025 00:00:00 GMT+0800 (Taipei Standard Time),Tue May 13 2025 19:01:09 GMT+0800 (Taipei Standard Time),Tue May 13 2025 19:01:09 GMT+0800 (Taipei Standard Time),,"Final Destination Bloodlines","https://image.tmdb.org/t/p/w500/w6398xh1whfqUAMjwWZgwbPYeni.jpg","https://image.tmdb.org/t/p/w1280/7wKnf6ILtRmKXV8eJWk0P6ZXnQ.jpg","故事描述大學生史黛芬妮飽受反覆出現的暴力惡夢所困擾，於是決定回到家鄉，尋找唯一可能打破這個循環的人，並拯救家人免於無法避免的可怕厄運。",110,"7.1",[object Object],[object Object],574475
105,"與夢前行 宮﨑駿：蒼鷺與少年創作全紀錄",,Thu Oct 10 2024 00:00:00 GMT+0800 (Taipei Standard Time),Tue May 13 2025 19:01:09 GMT+0800 (Taipei Standard Time),Tue May 13 2025 19:01:09 GMT+0800 (Taipei Standard Time),,"宮﨑駿と青サギと… ～「君たちはどう生きるか」への道～","https://image.tmdb.org/t/p/w500/ihxkyyvLdAjpRfBNXSpEFx6joSN.jpg","https://image.tmdb.org/t/p/w1280/6i0P1F5cDzHkcyO4GUNGlwhU5tQ.jpg","這部紀錄片記載日本傳奇動畫大師宮﨑駿投入動畫界61年的人生點滴，不僅貼身拍攝宮﨑駿創作奧斯卡最佳動畫片《蒼鷺與少年》長達7年的幕後製作秘辛，更讓觀影者深入了解宮﨑駿堅持一輩子的創作理念與獨到的人生哲學，透過穿插吉卜力經典動畫場景及對白做虛實交錯，引領人進入宮﨑駿作品中蘊含的人生智慧格言，所有吉卜力迷千萬不能錯過！",121,"8.1",[object Object],1292585
106,"歧路天堂",,Fri Apr 10 2009 00:00:00 GMT+0800 (Taipei Standard Time),Tue May 13 2025 19:01:09 GMT+0800 (Taipei Standard Time),Tue May 13 2025 19:01:09 GMT+0800 (Taipei Standard Time),,"歧路天堂","https://image.tmdb.org/t/p/w500/QGSHiffoXkmt3I0zL5Tb8sWbfS.jpg","https://image.tmdb.org/t/p/w1280/xm9lztKPDoGBjr1ZsI1uNEGM3nd.jpg","小麗，一個來自印尼的女傭(Lola Amaria飾)。阿勇(Banlop Lomnoi飾)，一個來自泰國的建築工。兩個異鄉人，隨著工作機會，流離輾轉於台北與桃園之間。在繁華的市井之中，相互依靠、共享孤獨，一面艱困求生，一面仍不失溫柔幽默地談著一份簡單的戀愛…用兩人都不熟悉的、地主國的語言：華語。 小麗從卡拉OK店逃跑到大都市，在那裡結識了來自泰國的女傭Wonpen (吳立淇 飾)，兩人變成無話不談的姊妹淘；隨後又輾轉到一家麵店打工。小麗常常送外賣到一位退休的電影女星費曼光(楊貴媚 飾)家。費曼光出過車禍，行動不便，但卻非常關心小麗。 然而好景不常，小麗的愛人阿勇突然面臨被遣送回國的命運。殘酷的現實，考驗著兩人的愛情…。",124,"0.0",[object Object],682352
99,"你的國，我的家",,Fri Nov 01 2024 00:00:00 GMT+0800 (Taipei Standard Time),Tue May 13 2025 19:01:08 GMT+0800 (Taipei Standard Time),Wed May 14 2025 17:06:41 GMT+0800 (Taipei Standard Time),,"لا أرض أخرى","https://image.tmdb.org/t/p/w500/m0MSTG1JGAM0OQD1c8nlmAPCOdN.jpg","https://image.tmdb.org/t/p/w1280/jcuZkNso7LNMFtPAcXunxQzIaIq.jpg","位於巴勒斯坦西岸的馬薩費爾亞塔，自八〇年代起被以色列政府劃為軍用「開火區」，土地上的巴勒斯坦居民被裁定為非法居住，展開面對軍方恐嚇迫遷、強拆騷擾的漫長抗爭。年輕的巴勒斯坦居民巴索，追隨父親成為運動者及公民記者，他與以色列記者尤法成為朋友，致力以鏡頭作為反抗，直擊以色列軍隊對待巴勒斯坦平民的暴力日常，呈現抗爭中的脆弱與韌性。但隨著軍隊暴力升級，絕望、無力與憂鬱如煙延綿，兩人也不禁對紀錄這件事產生懷疑。",94,"8.0",[object Object],1232493
100,"沒有國家的冠軍",,Wed Sep 27 2023 00:00:00 GMT+0800 (Taipei Standard Time),Tue May 13 2025 19:01:08 GMT+0800 (Taipei Standard Time),Wed May 14 2025 17:06:51 GMT+0800 (Taipei Standard Time),,"1947 보스톤","https://image.tmdb.org/t/p/w500/uA8F4KiczFStLI7yN2ngeHlZKie.jpg","https://image.tmdb.org/t/p/w1280/qcrActjV3aZl79xfbZ8Wxnqy9eC.jpg","波士頓馬拉松大賽自1897年首次舉辦後，每年會在4月第三週的週一舉辦，是擁有最悠久歷史和最高權威的國際馬拉松賽事。此片講述韓國馬拉松選手們克服光復後的混亂狀況，首次參加該賽事的旅程和軼事。",108,"6.5",[object Object],581394
75,"跳進部落的孩子",,Wed Apr 30 2025 00:00:00 GMT+0800 (Taipei Standard Time),Tue May 13 2025 19:01:04 GMT+0800 (Taipei Standard Time),Wed May 14 2025 17:06:12 GMT+0800 (Taipei Standard Time),,"跳進部落的孩子","https://image.tmdb.org/t/p/w500/nfpp4DyCwnN9ow9SXK9AjF3pqng.jpg",,"曾經為了夢想離開，如今舞蹈又帶著他回來。排灣族編舞家布拉瑞揚在職業生涯高峰，站在世界舞台上，卻想與族人共享榮耀。於是他回到故鄉台東創立舞團，帶著一群年輕的原住民舞者，一同入山勞動、臨岸吟唱，用身體將生活跳成舞作。看著這群隨性又自由、多非科班出身的孩子，彷彿看見當年奮力從部落朝外跳的自己────同樣渴望登台縱舞，同樣難獲父輩認同。",90,"0.0",[object Object],1369302
98,"青春來接招",,Fri Jun 16 2023 00:00:00 GMT+0800 (Taipei Standard Time),Tue May 13 2025 19:01:08 GMT+0800 (Taipei Standard Time),Wed May 14 2025 17:06:22 GMT+0800 (Taipei Standard Time),,"Greatest Days","https://image.tmdb.org/t/p/w500/tBNcZ6wSVG90en3eq7uN9UXM8wq.jpg","https://image.tmdb.org/t/p/w1280/rfmMVhSJEJdsf5CnrwkeNgeOSLR.jpg","講述了五位最好的閨蜜年輕時一同參加彼此最喜歡的樂隊【接招合唱團】的演唱會，度過了人生中最美好的夜晚。25年後，她們為了心愛的樂隊而再次相聚。即便每個人有了諸多變化，並擁有截然不同的人生，但這趟旅程將讓她們重新點燃友情，發現屬於她們的閃亮日子還在前方。",112,"6.1",[object Object],[object Object],[object Object],974861
107,"人狼",,Wed Nov 17 1999 00:00:00 GMT+0800 (Taipei Standard Time),Tue May 13 2025 19:01:10 GMT+0800 (Taipei Standard Time),Tue May 13 2025 19:01:10 GMT+0800 (Taipei Standard Time),,"人狼 JIN-ROH","https://image.tmdb.org/t/p/w500/cbWpFiOomvA1VhTMoh4bHAizOAu.jpg","https://image.tmdb.org/t/p/w1280/2WuR3EaBj8X2WR4fvqa449tnNLn.jpg","日本首都東京，由於強硬的經濟政策導致失業率及兇殘犯罪急速增加。政府為了徹底控制反政府勢力，於是在首都圈內設立了治安部隊。這支通稱「首都警」的治安部隊，以極快的速度擴展著其勢力範圍。反政府勢力在事後也因為法律的修正而被歸類為非法團體，因而被迫轉至地下發展，這些地下組織與首都警在城內不斷地持續著抗爭與戰鬥。但是一般民眾卻對仗著強大火力與反政府組織對抗的「首都警」感到不能接受，甚至對他們發出譴責。「首都警」也因此變得越來越孤立......。",102,"7.4",[object Object],[object Object],[object Object],[object Object],[object Object],823
108,"風之谷",,Sun Mar 11 1984 00:00:00 GMT+0800 (Taipei Standard Time),Tue May 13 2025 19:01:10 GMT+0800 (Taipei Standard Time),Tue May 13 2025 19:01:10 GMT+0800 (Taipei Standard Time),,"風の谷のナウシカ","https://image.tmdb.org/t/p/w500/2qYsvbv87NjFtfpDPZdXlUDiKiG.jpg","https://image.tmdb.org/t/p/w1280/ulVUa2MvnJAjAeRt7h23FFJVRKH.jpg","該作品背景設定在未來，千年前世界的科技文明達到巔峰後，經歷一場稱為「火之七日」的戰爭而毀於一旦。世界被一種由菌類構成，名叫腐海的新生態體系所掩蓋，然而只有巨型昆蟲能夠適應其中，人類們生活在僅存的小面積土地上，在面對巨型昆蟲和會釋放瘴氣的腐海森林包圍威脅下積極求存。「風之谷」是一個靠海的小王國，因為海風的庇護不被腐海森林的孢子侵入而得以保持原貌。小王國的公主娜烏西卡是一位善良、聰明及勇敢的16歲女孩，擅於駕馭噴氣式滑翔翼，能知道風及御風，還擁有和王蟲溝通的能力。一架搭載著千年前火之七日戰爭中，毀滅大地一切的生化武器「巨神兵」的多魯美奇亞運輸機不幸墜毀於風之谷，之後風之谷和娜烏西卡捲入了爭奪巨神兵的戰爭旋渦中。",117,"8.0",[object Object],[object Object],[object Object],81
109,"型男主廚三星夢：巴黎篇",,Mon Dec 30 2024 00:00:00 GMT+0800 (Taipei Standard Time),Tue May 13 2025 19:01:10 GMT+0800 (Taipei Standard Time),Wed May 14 2025 17:06:42 GMT+0800 (Taipei Standard Time),,"グランメゾン・パリ","https://image.tmdb.org/t/p/w500/7eNHCTDRWmectIHLYIt14kqQHbc.jpg","https://image.tmdb.org/t/p/w1280/2CbaANDPjZkrC9kKbp4UlDw7y2Q.jpg","遠赴法國取景，木村拓哉攜手原班人馬踏上米其林征服之路！  自從「Grand Maison東京」在日本榮獲米其林最高榮譽「三星」肯定之後，接著又歷經疫情衝擊與大企業對抗等種種危機，早見倫子（鈴木京香飾演）將主廚身分交棒後輩，跟隨昔日夥伴尾花夏樹（木村拓哉飾演），兩人重返法國料理發源地「巴黎」開設新店「Grand Maison巴黎」，再度為了米其林三星奮力一搏，並目標成為首位獲得米其林三星肯定的亞洲主廚。然而在眾多名廚競爭的巴黎，尾花卻遲遲無法交出滿意的成績，甚至在一場大型晚宴上意外失誤。這讓尾花下定決心，向昔日恩師承諾：「倘若下次評選無法取得三顆星，就將辭職離開法國。」究竟他能否與夥伴們，再度攀上米其林的星級巔峰呢？",111,"7.0",[object Object],1306061
116,"雷霆特攻隊",,Wed Apr 30 2025 00:00:00 GMT+0800 (Taipei Standard Time),Tue May 13 2025 19:01:13 GMT+0800 (Taipei Standard Time),Wed May 14 2025 17:06:00 GMT+0800 (Taipei Standard Time),,,,,,,,,
120,"獵金·遊戲",,Thu May 01 2025 00:00:00 GMT+0800 (Taipei Standard Time),Tue May 13 2025 19:01:15 GMT+0800 (Taipei Standard Time),Wed May 14 2025 17:06:01 GMT+0800 (Taipei Standard Time),,"猎金·游戏","https://image.tmdb.org/t/p/w500/9HnrAAdEPWhhzNIgoCQYtnyQI38.jpg",,"",110,"0.0",[object Object],
119,"GIVEN被贈與的未來劇場版：去海邊",,Sat Mar 29 2025 00:00:00 GMT+0800 (Taipei Standard Time),Tue May 13 2025 19:01:15 GMT+0800 (Taipei Standard Time),Wed May 14 2025 17:06:04 GMT+0800 (Taipei Standard Time),,,,,,,,,
112,"美國隊長:無畏新世界",,Wed Feb 12 2025 00:00:00 GMT+0800 (Taipei Standard Time),Tue May 13 2025 19:01:12 GMT+0800 (Taipei Standard Time),Wed May 14 2025 17:06:18 GMT+0800 (Taipei Standard Time),,,,,,,,,
115,"夜校女生",,Thu Feb 27 2025 00:00:00 GMT+0800 (Taipei Standard Time),Tue May 13 2025 19:01:13 GMT+0800 (Taipei Standard Time),Wed May 14 2025 17:06:29 GMT+0800 (Taipei Standard Time),,"夜校女生","https://image.tmdb.org/t/p/w500/a1xWMqQLgW3xqnzS99HU9fN628E.jpg","https://image.tmdb.org/t/p/w1280/hm2rWgEZJrxHP8gv9Pg6yRhOZFB.jpg","1997年，就讀一女中夜間部的女生小愛，與使用同一張桌子的日間部女生敏敏成為「桌友」，二人更一同喜歡上數理資優班的路克。小愛為了方便蹺課而換上日間部校服，但也令她嚐到日間部學生因成績較好而獲得的優待，更無法擺脫享受這種光環的誘惑，卻也令她的生活逐漸失控。",110,"7.0",[object Object],1335881
113,"小王子經典10週年 重返大銀幕（法）",,Fri Apr 25 2025 00:00:00 GMT+0800 (Taipei Standard Time),Tue May 13 2025 19:01:12 GMT+0800 (Taipei Standard Time),Wed May 14 2025 17:06:29 GMT+0800 (Taipei Standard Time),,,,,,,,,
117,"銀魂劇場版 2D 金魂篇",,Wed Apr 16 2025 00:00:00 GMT+0800 (Taipei Standard Time),Tue May 13 2025 19:01:13 GMT+0800 (Taipei Standard Time),Wed May 14 2025 17:06:30 GMT+0800 (Taipei Standard Time),,,,,,,,,
114,"公路之王",,Thu Mar 04 1976 00:00:00 GMT+0800 (Taipei Standard Time),Tue May 13 2025 19:01:12 GMT+0800 (Taipei Standard Time),Wed May 14 2025 17:06:38 GMT+0800 (Taipei Standard Time),,"Im Lauf der Zeit","https://image.tmdb.org/t/p/w500/4JdYbKgfh3rZe1ME767h92FvRVD.jpg","https://image.tmdb.org/t/p/w1280/hqSNaXa2dxbBrI2mVDhvvNp9ECL.jpg","布魯諾是個流浪於各個城鎮之間的電影放映機修理工人，某天他遇見企圖自殺未遂的羅伯特，搭了他的車，兩個人一起流浪在路上。陌生的兩個人，一同遊走東西德的邊界之間，帶著迷茫上路，對照著曾經的失敗，企圖在旅途中尋到答案。 在這部近乎抒情的作品當中，溫德斯摒棄傳統電影中，心理動機的描繪與戲劇性，影像詩意簡潔，充滿了一種深情的凝視感。旅程中的時間在每個人身上都留下了痕跡與改變。",176,"7.5",[object Object],10834
126,"逆轉拍賣師",,,Tue May 13 2025 19:01:20 GMT+0800 (Taipei Standard Time),Tue May 13 2025 19:01:20 GMT+0800 (Taipei Standard Time),,,,,,,,,
132,"2046 4K數位修復版",,,Tue May 13 2025 19:01:22 GMT+0800 (Taipei Standard Time),Tue May 13 2025 19:01:22 GMT+0800 (Taipei Standard Time),,,,,,,,,
139,"所以親親會消失對不對",,,Tue May 13 2025 19:01:26 GMT+0800 (Taipei Standard Time),Tue May 13 2025 19:01:26 GMT+0800 (Taipei Standard Time),,,,,,,,,
141,"泣聲驚魂",,,Tue May 13 2025 19:01:27 GMT+0800 (Taipei Standard Time),Tue May 13 2025 19:01:27 GMT+0800 (Taipei Standard Time),,,,,,,,,
142,"今夜星光燦爛 (1988)",,,Tue May 13 2025 19:01:27 GMT+0800 (Taipei Standard Time),Tue May 13 2025 19:01:27 GMT+0800 (Taipei Standard Time),,,,,,,,,
143,"ATEEZ演唱會電影",,,Tue May 13 2025 19:01:27 GMT+0800 (Taipei Standard Time),Tue May 13 2025 19:01:27 GMT+0800 (Taipei Standard Time),,,,,,,,,
145,"銀魂劇場版2D 金魂篇",,,Tue May 13 2025 19:01:28 GMT+0800 (Taipei Standard Time),Tue May 13 2025 19:01:28 GMT+0800 (Taipei Standard Time),,,,,,,,,
148,"愛麗絲漫遊城市",,,Tue May 13 2025 19:01:30 GMT+0800 (Taipei Standard Time),Tue May 13 2025 19:01:30 GMT+0800 (Taipei Standard Time),,,,,,,,,
118,"燈塔水母的秘密",,Fri Mar 28 2025 00:00:00 GMT+0800 (Taipei Standard Time),Tue May 13 2025 19:01:14 GMT+0800 (Taipei Standard Time),Tue May 13 2025 19:14:25 GMT+0800 (Taipei Standard Time),,"我的老師首部曲：燈塔水母的秘密","https://image.tmdb.org/t/p/w500/rJTMifPmfQZhlrZVBx2lToiBO5G.jpg",,"這部電影以景文高中生物老師陳諾為中心展開，他是高二七班的班導，教學認真負責且深受學生喜愛。一起校園性平事件後，陳諾面臨不實指控及舊傷再度被揭開，妻子積極支持他尋求正義。其他老師也因此重新思考教師身份與尊嚴，展現出各自的支持與行動。這部電影深入探討「老師」身份的真正意義，以及社會應如何支持那些為學生全心全意付出的教育工作者。",88,"0.0",[object Object],
38,"沈睡的水下巨人",,Fri Apr 25 2025 00:00:00 GMT+0800 (Taipei Standard Time),Tue May 13 2025 19:00:58 GMT+0800 (Taipei Standard Time),Wed May 14 2025 17:06:10 GMT+0800 (Taipei Standard Time),,"沈睡的水下巨人","https://image.tmdb.org/t/p/w500/7DdvzQcKfGtd00tKsrmCB4ofemu.jpg",,"台灣四面環海，卻鮮少有人深入探索海底世界的奧秘，許多沈船被時間遺忘，但它們卻成為海洋生物的庇護所，孕育出繁榮的生態。《沈睡的水下巨人》將大家平常看不到的海洋深處推上銀幕，透過這些「鋼鐵巨人」來詮釋台灣的海洋生態，沈船是海洋生物的家，是生物最容易聚集的地方，是海洋生態的指標；生態系良好的海，沈船會是滿滿的魚群與各式軟硬珊瑚，相反的，空蕩蕩的沈船，代表海洋資源的枯竭。",0,"0.0",[object Object],1452246
125,"當我們懶在一起",,Fri Mar 28 2025 00:00:00 GMT+0800 (Taipei Standard Time),Tue May 13 2025 19:01:20 GMT+0800 (Taipei Standard Time),Wed May 14 2025 17:06:52 GMT+0800 (Taipei Standard Time),,,,,,,,,
127,"與夢前行  宮﨑駿",,Thu Oct 10 2024 00:00:00 GMT+0800 (Taipei Standard Time),Tue May 13 2025 19:01:20 GMT+0800 (Taipei Standard Time),Wed May 14 2025 17:06:49 GMT+0800 (Taipei Standard Time),,"宮﨑駿と青サギと… ～「君たちはどう生きるか」への道～","https://image.tmdb.org/t/p/w500/ihxkyyvLdAjpRfBNXSpEFx6joSN.jpg","https://image.tmdb.org/t/p/w1280/6i0P1F5cDzHkcyO4GUNGlwhU5tQ.jpg","這部紀錄片記載日本傳奇動畫大師宮﨑駿投入動畫界61年的人生點滴，不僅貼身拍攝宮﨑駿創作奧斯卡最佳動畫片《蒼鷺與少年》長達7年的幕後製作秘辛，更讓觀影者深入了解宮﨑駿堅持一輩子的創作理念與獨到的人生哲學，透過穿插吉卜力經典動畫場景及對白做虛實交錯，引領人進入宮﨑駿作品中蘊含的人生智慧格言，所有吉卜力迷千萬不能錯過！",121,"8.1",[object Object],
133,"宮?駿的奇幻世界",,Fri May 09 2025 00:00:00 GMT+0800 (Taipei Standard Time),Tue May 13 2025 19:01:23 GMT+0800 (Taipei Standard Time),Tue May 13 2025 19:14:32 GMT+0800 (Taipei Standard Time),,"Miyazaki, l'esprit de la nature","https://image.tmdb.org/t/p/w500/2vKKMcUqfhtgpXQguBNr56jXDEM.jpg","https://image.tmdb.org/t/p/w1280/oGVLGGeUSHdT7xfd3IVXx1BjjF.jpg","宮﨑駿的奇幻世界》於 2024 年 8 月 31 日威尼斯電影節首度曝光。透過吉卜力工作室提供的影像資料，如動畫電影片段以及宮﨑駿過去接受日本電視台的訪問畫面，帶領觀眾進一步探索宮﨑駿的一生，以及他對於生態議題的理念。 人類學家 Philippe Descola、哲學家 Timothy Morton、吉卜力工作室製作人鈴木敏夫、宮﨑駿的兒子宮﨑吾朗以及過去合作過的業界夥伴，將會在這部紀錄片裡分享對這位執著而神秘的大師的見解。",84,"0.0",[object Object],
144,"絕命終結站 血脈",,Fri May 09 2025 00:00:00 GMT+0800 (Taipei Standard Time),Tue May 13 2025 19:01:28 GMT+0800 (Taipei Standard Time),Tue May 13 2025 19:14:37 GMT+0800 (Taipei Standard Time),,"Final Destination Bloodlines","https://image.tmdb.org/t/p/w500/w6398xh1whfqUAMjwWZgwbPYeni.jpg","https://image.tmdb.org/t/p/w1280/7wKnf6ILtRmKXV8eJWk0P6ZXnQ.jpg","故事描述大學生史黛芬妮飽受反覆出現的暴力惡夢所困擾，於是決定回到家鄉，尋找唯一可能打破這個循環的人，並拯救家人免於無法避免的可怕厄運。",110,"7.1",[object Object],[object Object],
121,"金派特攻隊",,Wed Jan 24 2024 00:00:00 GMT+0800 (Taipei Standard Time),Tue May 13 2025 19:01:16 GMT+0800 (Taipei Standard Time),Wed May 14 2025 17:06:51 GMT+0800 (Taipei Standard Time),,"시민덕희","https://image.tmdb.org/t/p/w500/r2xH1UdmZYbpfKcc50TgY2BhgaE.jpg","https://image.tmdb.org/t/p/w1280/4AMAfqTnYsYESpZwJ3eXAOKg4al.jpg","那個騙我錢的傢伙竟打求救電話給我！因經營的洗衣店發生火災，德熙（羅美蘭 飾）考慮貸款以整修洗衣店。某天，交易銀行的孫代理（孔明 飾）打電話表示要提供合理的貸款條件給德熙，並以貸款需要手續費為由騙取德熙的財產。受騙上當的德熙失去全部財產後，只好和孩子們一起流落街頭。某天，孫代理又打來電話，但這次竟是求救電話！為了找回丟失的錢，德熙決定救出孫代理，她與各懷必殺技的同事們一起飛往中國青島……",114,"7.5",[object Object],[object Object],696047
122,"MINECRAFT 麥塊電影",,Mon Mar 31 2025 00:00:00 GMT+0800 (Taipei Standard Time),Tue May 13 2025 19:01:18 GMT+0800 (Taipei Standard Time),Wed May 14 2025 17:06:07 GMT+0800 (Taipei Standard Time),,"A Minecraft Movie","https://image.tmdb.org/t/p/w500/9AEbbSlcUA9W4NbhWLr94acTIcJ.jpg","https://image.tmdb.org/t/p/w1280/2Nti3gYAX513wvhp8IiLL6ZDyOm.jpg","四位邊緣人「垃圾人」蓋瑞森(傑森摩莫亞 飾)、亨利(賽巴斯汀尤金漢森 飾)、娜塔莉(愛瑪梅耶斯 飾)和譚恩(丹妮爾布魯克斯 飾)，突然被拉進一個神祕入口，進入充滿想像力又古怪的方塊仙境「主世界」中。為了回家，他們必須設法掌控這個世界，並與專業蓋房人史蒂夫(傑克布萊克 飾)，並一同踏上神奇的探索之旅。此趟冒險旅程將挑戰他們五人的勇氣，並重新激發他們每個人具有獨特創造力的特質，而這些正是他們返回現實世界成長茁壯所需的技能。",101,"6.2",[object Object],[object Object],[object Object],[object Object],
131,"我在平行時空戀上妳",,Wed Apr 02 2025 00:00:00 GMT+0800 (Taipei Standard Time),Tue May 13 2025 19:01:22 GMT+0800 (Taipei Standard Time),Wed May 14 2025 17:06:25 GMT+0800 (Taipei Standard Time),,,,,,,,,
130,"電影蠟筆小新：我們的恐龍日記",,Fri Aug 16 2024 00:00:00 GMT+0800 (Taipei Standard Time),Tue May 13 2025 19:01:21 GMT+0800 (Taipei Standard Time),Wed May 14 2025 17:06:28 GMT+0800 (Taipei Standard Time),,,,,,,,,
124,"夏之庭 4K數位修復版",,Wed Apr 02 2025 00:00:00 GMT+0800 (Taipei Standard Time),Tue May 13 2025 19:01:18 GMT+0800 (Taipei Standard Time),Wed May 14 2025 17:06:34 GMT+0800 (Taipei Standard Time),,,,,,,,,
146,"美國朋友",,Fri Apr 18 2025 00:00:00 GMT+0800 (Taipei Standard Time),Tue May 13 2025 19:01:30 GMT+0800 (Taipei Standard Time),Wed May 14 2025 17:06:42 GMT+0800 (Taipei Standard Time),,,,,,,,,
129,"電影版孤獨的美食家",,Fri Jan 10 2025 00:00:00 GMT+0800 (Taipei Standard Time),Tue May 13 2025 19:01:21 GMT+0800 (Taipei Standard Time),Tue May 13 2025 19:14:30 GMT+0800 (Taipei Standard Time),,"劇映画 孤独のグルメ","https://image.tmdb.org/t/p/w500/sW4JlzjMGbAogtFP4IzJvbhjhoI.jpg","https://image.tmdb.org/t/p/w1280/9V1qOPkGgWg4sjhFPtAiULU2f5r.jpg","從事進口雜貨銷售的井之頭五郎（松重豐飾演），是個喜歡在工作之餘到處品嚐美饌的老饕。只要肚子一餓，就會秉持「吃飯皇帝大」的信念，拋下一切直奔周遭的餐廳食堂大快朵頤。他最愛享受用餐時不被人打擾，細細品嚐料理的美好時光，更愛在內心自言自語品評美食滋味。這回，他接到前女友的女兒——千秋（杏飾演）的委託，前往法國拜訪千秋的祖父一郎（鹽見三省飾演），並要幫助一郎找出童年時曾喝過的湯頭食譜。儘管線索相當稀少，五郎依舊踏上尋找「究極湯頭」的旅程，足跡遍及法國、南韓、長崎和東京。不過在這趟旅程當中，他卻意外捲入到一場更大的風暴當中…。",111,"6.5",[object Object],[object Object],[object Object],
134,"何處",,Wed Mar 08 2023 00:00:00 GMT+0800 (Taipei Standard Time),Tue May 13 2025 19:01:24 GMT+0800 (Taipei Standard Time),Tue May 13 2025 19:14:33 GMT+0800 (Taipei Standard Time),,"Faraway","https://image.tmdb.org/t/p/w500/4IiY3B3hTySsxWvBbDLjBquXVG3.jpg","https://image.tmdb.org/t/p/w1280/pUptUgPYwdNVSzMNRcUUs7WZ2Ap.jpg","一名女子繼承了克羅埃西亞小島上的一幢房子後，心血來潮展開一場旅行，重燃人生的樂趣，也推開了新戀情的大門。",109,"6.6",[object Object],[object Object],
135,"誰在看著我們",,Fri Apr 07 2023 00:00:00 GMT+0800 (Taipei Standard Time),Tue May 13 2025 19:01:24 GMT+0800 (Taipei Standard Time),Tue May 13 2025 19:14:33 GMT+0800 (Taipei Standard Time),,"屍房菜","https://image.tmdb.org/t/p/w500/iv7WZKutR9FGYuRg5LFA3hWFIAe.jpg","https://image.tmdb.org/t/p/w1280/3jtF9xGRE58EouSB9UMp5sqKV5P.jpg","男孩被輪姦後，變成淘氣小鬼，附身不同宿主，周遊列國，偷窺活人的一夜情，捉弄不忠的情人，還去探望了變性的哥哥。本片結合奇情與狂野想像，跨越二元性別 / 性向對立，探討「貌似不忠的真愛」。",89,"4.8",[object Object],[object Object],
136,"行者(2012)",,Fri Feb 24 2012 00:00:00 GMT+0800 (Taipei Standard Time),Tue May 13 2025 19:01:24 GMT+0800 (Taipei Standard Time),Tue May 13 2025 19:14:34 GMT+0800 (Taipei Standard Time),,"Act of Valor","https://image.tmdb.org/t/p/w500/k4R4Anc9BrwAkM7I4NWQuclOtIp.jpg","https://image.tmdb.org/t/p/w1280/bHefJgSTO3JOZy9fETN6cWpvbMX.jpg","本片改編自真實事件，海豹部隊特戰小組在營救遭綁的中情局特務時，意外發現恐怖組織計畫襲擊美國本土的陰謀，為了捍衛國家與守護摯愛的家人，這支特戰菁英將橫跨全球追獵幕後主使，不惜一切代價阻止恐怖攻擊的發生……",110,"6.5",[object Object],[object Object],[object Object],
137,"狼人",,Wed Nov 17 1999 00:00:00 GMT+0800 (Taipei Standard Time),Tue May 13 2025 19:01:25 GMT+0800 (Taipei Standard Time),Tue May 13 2025 19:14:34 GMT+0800 (Taipei Standard Time),,"人狼 JIN-ROH","https://image.tmdb.org/t/p/w500/cbWpFiOomvA1VhTMoh4bHAizOAu.jpg","https://image.tmdb.org/t/p/w1280/2WuR3EaBj8X2WR4fvqa449tnNLn.jpg","日本首都東京，由於強硬的經濟政策導致失業率及兇殘犯罪急速增加。政府為了徹底控制反政府勢力，於是在首都圈內設立了治安部隊。這支通稱「首都警」的治安部隊，以極快的速度擴展著其勢力範圍。反政府勢力在事後也因為法律的修正而被歸類為非法團體，因而被迫轉至地下發展，這些地下組織與首都警在城內不斷地持續著抗爭與戰鬥。但是一般民眾卻對仗著強大火力與反政府組織對抗的「首都警」感到不能接受，甚至對他們發出譴責。「首都警」也因此變得越來越孤立......。",102,"7.4",[object Object],[object Object],[object Object],[object Object],[object Object],
138,"GIVEN~被贈與的未來劇場版",,Sat Aug 22 2020 00:00:00 GMT+0800 (Taipei Standard Time),Tue May 13 2025 19:01:25 GMT+0800 (Taipei Standard Time),Tue May 13 2025 19:14:35 GMT+0800 (Taipei Standard Time),,"映画 ギヴン","https://image.tmdb.org/t/p/w500/nBt1bEDizGWWOZLapNihLAkLAYc.jpg","https://image.tmdb.org/t/p/w1280/9Xz0bzUFTVgDZd4WZz1cJDQjLkB.jpg","高中生上山立夏熱愛演奏吉他，與春樹和秋彥合組一個小樂隊。某個午休，他意外幫佐藤真冬修好吉他弦後，被真冬拜託教吉他，而後又在聽到真冬的歌聲後邀請他加入樂隊。立夏在相處的過程中漸漸喜歡上真冬，真冬有一個彼此互相喜歡並支持的青梅竹馬，但那個人卻自殺了，因那個人喜歡吉他，真冬才一直很想學。那個人沒有做到的事，沒有堅持的陪伴，立夏都幫他實現了，真冬也開始慢慢喜歡上立夏。另外一對CP春樹和秋彥，春樹一直默默喜歡著秋彥，為他留著長髮，但秋彥卻與極具音樂才華的小提琴家雨月同居在一起。動畫影集以高中生的真冬與立夏兩人間悲傷恬淡的愛情為主軸，首部劇場版則為大人組三人的春樹、秋彦、雨月，熾熱的三角戀拉開序幕。",60,"8.3",[object Object],[object Object],[object Object],[object Object],
140,"與夢前行 宮?駿：蒼鷺與少年創作全紀錄",,Thu Oct 10 2024 00:00:00 GMT+0800 (Taipei Standard Time),Tue May 13 2025 19:01:26 GMT+0800 (Taipei Standard Time),Tue May 13 2025 19:14:36 GMT+0800 (Taipei Standard Time),,"宮﨑駿と青サギと… ～「君たちはどう生きるか」への道～","https://image.tmdb.org/t/p/w500/ihxkyyvLdAjpRfBNXSpEFx6joSN.jpg","https://image.tmdb.org/t/p/w1280/6i0P1F5cDzHkcyO4GUNGlwhU5tQ.jpg","這部紀錄片記載日本傳奇動畫大師宮﨑駿投入動畫界61年的人生點滴，不僅貼身拍攝宮﨑駿創作奧斯卡最佳動畫片《蒼鷺與少年》長達7年的幕後製作秘辛，更讓觀影者深入了解宮﨑駿堅持一輩子的創作理念與獨到的人生哲學，透過穿插吉卜力經典動畫場景及對白做虛實交錯，引領人進入宮﨑駿作品中蘊含的人生智慧格言，所有吉卜力迷千萬不能錯過！",121,"8.1",[object Object],
147,"劇場版「進擊的巨人」完結篇",,Fri Nov 08 2024 00:00:00 GMT+0800 (Taipei Standard Time),Tue May 13 2025 19:01:30 GMT+0800 (Taipei Standard Time),Tue May 13 2025 19:14:39 GMT+0800 (Taipei Standard Time),,"劇場版「進撃の巨人」完結編 THE LAST ATTACK","https://image.tmdb.org/t/p/w500/kkbGiEFXaLFWKLuJzMMJ4oEjUXS.jpg","https://image.tmdb.org/t/p/w1280/nB6IR9XfdRpVRKCz85uT97EjgwB.jpg","人類為了躲避巨人威脅而建築高聳巨大城牆，躲在城牆中過著苟且偷生的日子。一天，超大型巨人來襲打破了歷經百年的和平日常，紛亂中失去母親的少年艾連・葉卡自此發誓要驅逐所有巨人，成為與巨人戰鬥的調查軍團的一員。在幾番賭命的險惡戰鬥中，艾倫得到化身為巨人的能力，一邊為人類的勝利做出貢獻，逐步慢慢接近世界的真相。時光流逝，來到牆外世界的艾連選擇與調查軍團的伙伴們分道揚鑣，執行一個驚世駭俗的恐怖計畫。率領無數巨人將這個世界上所有能稱之為生命的生命盡數蹂躪的「地鳴」。以米卡莎和阿爾敏為首的倖存者們，為了阻止意圖毀滅世界的艾倫，挺身挑戰最後的戰役。",145,"8.5",[object Object],[object Object],[object Object],[object Object],
149,"歧路",,Fri Apr 10 2009 00:00:00 GMT+0800 (Taipei Standard Time),Tue May 13 2025 19:01:32 GMT+0800 (Taipei Standard Time),Tue May 13 2025 19:14:40 GMT+0800 (Taipei Standard Time),,"歧路天堂","https://image.tmdb.org/t/p/w500/QGSHiffoXkmt3I0zL5Tb8sWbfS.jpg","https://image.tmdb.org/t/p/w1280/xm9lztKPDoGBjr1ZsI1uNEGM3nd.jpg","小麗，一個來自印尼的女傭(Lola Amaria飾)。阿勇(Banlop Lomnoi飾)，一個來自泰國的建築工。兩個異鄉人，隨著工作機會，流離輾轉於台北與桃園之間。在繁華的市井之中，相互依靠、共享孤獨，一面艱困求生，一面仍不失溫柔幽默地談著一份簡單的戀愛…用兩人都不熟悉的、地主國的語言：華語。 小麗從卡拉OK店逃跑到大都市，在那裡結識了來自泰國的女傭Wonpen (吳立淇 飾)，兩人變成無話不談的姊妹淘；隨後又輾轉到一家麵店打工。小麗常常送外賣到一位退休的電影女星費曼光(楊貴媚 飾)家。費曼光出過車禍，行動不便，但卻非常關心小麗。 然而好景不常，小麗的愛人阿勇突然面臨被遣送回國的命運。殘酷的現實，考驗著兩人的愛情…。",124,"0.0",[object Object],
65,"聖夜：惡魔都市",,Wed Apr 30 2025 00:00:00 GMT+0800 (Taipei Standard Time),Tue May 13 2025 19:01:03 GMT+0800 (Taipei Standard Time),Wed May 14 2025 17:06:02 GMT+0800 (Taipei Standard Time),,"거룩한 밤: 데몬 헌터스","https://image.tmdb.org/t/p/w500/mZ9AEdlSrRd7apiUMMmzPSvEJTj.jpg","https://image.tmdb.org/t/p/w1280/hRn5oyuhrVFjLwDpe73UvqgvPht.jpg","因為崇拜邪惡的集團，使都市陷入混亂。擁有特殊能力的惡魔獵人「聖夜」團隊成員巴宇（馬東石 飾）、莎倫（徐玄 飾）、金君（李大衛 飾），他們是否戰勝邪惡力量，恢復都市的秩序呢？​",92,"4.5",[object Object],[object Object],[object Object],793387
20,"夏日最後的祕密",,Wed Apr 30 2025 00:00:00 GMT+0800 (Taipei Standard Time),Tue May 13 2025 19:00:56 GMT+0800 (Taipei Standard Time),Wed May 14 2025 17:06:05 GMT+0800 (Taipei Standard Time),,"夏日最後的祕密","https://image.tmdb.org/t/p/w500/kMFzAI0CGtkgTso0KE1CeJVEPDQ.jpg","https://image.tmdb.org/t/p/w1280/7VdX6cOziKP6DlQh3ZMLvqVSrFa.jpg","蘇明儀舉辦攝影首展回顧青春時光，思緒卻無法不牽掛顏立堯。高中時，她暗戀顏立堯卻從未表露。顏立堯對蘇明儀有矛盾心情，顏立堯的好友程硯則默默關心她。當蘇明儀主動告白，卻被顏立堯以「有期限」的試探回應。畢業後，三人各自將心中的秘密埋藏。多年後，透過攝影展和一卷舊底片，曾經的秘密終於揭開，讓他們找到了心靈的救贖。",0,"0.0",[object Object],1414620
39,"有病才會喜歡你",,Wed Apr 02 2025 00:00:00 GMT+0800 (Taipei Standard Time),Tue May 13 2025 19:00:59 GMT+0800 (Taipei Standard Time),Wed May 14 2025 17:06:06 GMT+0800 (Taipei Standard Time),,"有病才會喜歡你","https://image.tmdb.org/t/p/w500/dSAagxNVZmvA7eohvky20CFv5iC.jpg",,"一名總愛闖禍的問題少年葉子杰（詹懷雲飾），在一次陰錯陽差下發現「有病真好」，於是決定將計就計、裝病下去。隨著裝絕症的謊言越圓越荒唐，子杰發現班上與他同名的學霸班長葉梓潔（江齊飾），才是真正罹患絕症的人。",111,"0.0",[object Object],1321139
10,"台灣超人",,Fri Dec 06 2024 00:00:00 GMT+0800 (Taipei Standard Time),Tue May 13 2025 19:00:54 GMT+0800 (Taipei Standard Time),Wed May 14 2025 17:06:06 GMT+0800 (Taipei Standard Time),,"台灣超人","https://image.tmdb.org/t/p/w500/81EHAKhMbE2CQyW8EtEB0l7yjFr.jpg",,"台灣超人正是曲導演執掌鏡頭36年來最動人的紀錄，走訪全台，用鏡頭溫柔凝視超人的慈悲與堅韌，台灣超人具備是翻轉向上的能量，這正是一趟充實飽滿的生命旅程。美麗的心就有一股力量，跟著曲全立導演走進超人們象徵希望的光，帶您看見那個「很美又很有力量」的台灣，一起拾起屬於自己的披風，讓光在社會中蔓延。",0,"0.0",[object Object],1377013
12,"取精急轉彎",,Fri Feb 21 2025 00:00:00 GMT+0800 (Taipei Standard Time),Tue May 13 2025 19:00:54 GMT+0800 (Taipei Standard Time),Wed May 14 2025 17:06:08 GMT+0800 (Taipei Standard Time),,"Spermageddon","https://image.tmdb.org/t/p/w500/dZ57Jy8oohLNjXpk9CIQozpRFF9.jpg","https://image.tmdb.org/t/p/w1280/zSEZoGXvik9ivEzWJ1Ltd3FfHEJ.jpg","炎炎夏日，兩個害羞的高中生—阿詹和麗莎在小木屋派對中相遇，他們情竇初開，在酒精助燃下，即將第一次做愛！阿詹體內，數百萬枚精子都蓄勢待發、瘋狂地要讓麗莎的卵子受精，他們的誕生都是為了這一刻，這就是傳說中的「精子末日」！而其中膽小的精子「洨明」，為了實現黃金目標——精卵結合，勇敢展開了一連串的作戰計劃。面對多重的避孕機制、超強對手「加藤精」還有可能迷路的重重挑戰，這是一個超高難度的冒險任務，除了一枚成功的精子以外，其他的精子都注定要失敗！",80,"6.0",[object Object],[object Object],1064307
86,"宮﨑駿的奇幻世界",,Fri May 09 2025 00:00:00 GMT+0800 (Taipei Standard Time),Tue May 13 2025 19:01:06 GMT+0800 (Taipei Standard Time),Wed May 14 2025 17:06:09 GMT+0800 (Taipei Standard Time),,"Miyazaki, l'esprit de la nature","https://image.tmdb.org/t/p/w500/2vKKMcUqfhtgpXQguBNr56jXDEM.jpg","https://image.tmdb.org/t/p/w1280/oGVLGGeUSHdT7xfd3IVXx1BjjF.jpg","宮﨑駿的奇幻世界》於 2024 年 8 月 31 日威尼斯電影節首度曝光。透過吉卜力工作室提供的影像資料，如動畫電影片段以及宮﨑駿過去接受日本電視台的訪問畫面，帶領觀眾進一步探索宮﨑駿的一生，以及他對於生態議題的理念。 人類學家 Philippe Descola、哲學家 Timothy Morton、吉卜力工作室製作人鈴木敏夫、宮﨑駿的兒子宮﨑吾朗以及過去合作過的業界夥伴，將會在這部紀錄片裡分享對這位執著而神秘的大師的見解。",84,"0.0",[object Object],1320480
54,"直到黎明",,Wed Apr 23 2025 00:00:00 GMT+0800 (Taipei Standard Time),Tue May 13 2025 19:01:01 GMT+0800 (Taipei Standard Time),Wed May 14 2025 17:06:10 GMT+0800 (Taipei Standard Time),,"Until Dawn","https://image.tmdb.org/t/p/w500/kT6rj31OS5r0jLahUAxuDlApuY6.jpg","https://image.tmdb.org/t/p/w1280/3xKJ0nyUTlySmMBCpOcsuSnFPI1.jpg","在妹妹梅蘭妮失蹤的一年後，克洛娃與朋友決定前往她消失的地點，一處偏遠的村莊尋找她的蹤跡。在搜索一座被遺棄的遊客中心時，一位臉戴面具的兇殘殺手，忽然現身殺害他們，但是醒來後卻發現他們又回到死前的時間點。被困在村莊裡的他們，不斷被謀殺的慘劇持續上演，唯一不同的是，他們的死法越來越悽慘。在絕望之際，他們發現離永遠死去只剩下幾次的機會，存活的唯一機會，就是撐到黎明來臨。",103,"6.5",[object Object],[object Object],1232546
47,"秘密會議",,Fri Oct 25 2024 00:00:00 GMT+0800 (Taipei Standard Time),Tue May 13 2025 19:01:00 GMT+0800 (Taipei Standard Time),Wed May 14 2025 17:06:12 GMT+0800 (Taipei Standard Time),,"Conclave","https://image.tmdb.org/t/p/w500/1BWhKsbUTiBD0WQhrOfQlU6zrc5.jpg","https://image.tmdb.org/t/p/w1280/1YMrOtrW7b4pL2lfD8UciZPOJGs.jpg","教宗驟逝，紅衣主教勞倫斯受命領導史上最古老的選舉之一「新任教宗選舉」。幾輪投票後，新任教宗人選始終沒有結果。他卻發現自己處於一場可能動搖人類未來的陰謀的中心...誰將會是下一任教宗？讓這場秘密會議充滿謎團及猜忌。",120,"7.2",[object Object],[object Object],[object Object],974576
150,"守護我們的星球",,Sun May 04 2025 00:00:00 GMT+0800 (Taipei Standard Time),Wed May 14 2025 16:14:34 GMT+0800 (Taipei Standard Time),Wed May 14 2025 17:06:16 GMT+0800 (Taipei Standard Time),,,,,,,,,
4,"劇場版 世界計畫 崩壞的世界與無法歌唱的初音未來",,Fri Jan 17 2025 00:00:00 GMT+0800 (Taipei Standard Time),Tue May 13 2025 19:00:53 GMT+0800 (Taipei Standard Time),Wed May 14 2025 17:06:21 GMT+0800 (Taipei Standard Time),,"劇場版プロジェクトセカイ 壊れたセカイと歌えないミク","https://image.tmdb.org/t/p/w500/vCIfP3PFQ6vx23U4ZCMMygrc1eB.jpg","https://image.tmdb.org/t/p/w1280/kLpIAD9WWku0VhGNWJ7bjUilPjK.jpg","星乃一歌偶然在唱片行聽到一首從未聽過的初音「新歌」，正感疑惑時，發現螢幕上竟出現一位從沒見過的「初音未來」，在星乃的驚呼中，初音彷彿受到驚嚇，瞬間消失了。在某日街頭表演結束後，一歌的手機上竟出現了之前唱片行遇見的初音！她低頭無語，面露孤單的神情，詢問後才知道初音有想要傳遞歌聲的對象，但無論怎麼賣力歌唱，初音的聲音卻無法傳達出去。看著一歌的演出，初音覺得如果能更了解一歌，也許她也能把歌聲傳送到更多人心裡...。  面對初音的願望，一歌帶著溫柔的微笑回答她：「如果我可以幫上忙的話。」就這樣，一歌與虛擬歌手初音未來相遇的全新故事就此展開。",105,"9.0",[object Object],[object Object],[object Object],[object Object],1322752
111,"投奔怒海",,Wed Oct 13 1982 00:00:00 GMT+0800 (Taipei Standard Time),Tue May 13 2025 19:01:11 GMT+0800 (Taipei Standard Time),Wed May 14 2025 17:06:21 GMT+0800 (Taipei Standard Time),,"投奔怒海","https://image.tmdb.org/t/p/w500/reB2rEzM9QrRhHve28xxkRlPlS5.jpg","https://image.tmdb.org/t/p/w1280/8uxcz8W9GZ4dGiL7N6b4PvaZWwh.jpg","1975年越共解放越南，日本記者芥川汐見在峴港現場採訪實況。3年後，他重遊舊地，認識了琴娘一家，並拍攝了珍貴照片。當地唯一被留下來的酒吧，由媽媽桑經營，祖明是她的情人，正設法逃離越南。芥川與祖明成了朋友，並獲得特許送祖明到新經濟區挖地雷，但每天都有人因此遇到爆炸而死亡。芥川努力安排琴娘及家人逃離越南，祖明也登上難民船，投奔怒海。",109,"7.6",[object Object],72445
26,"天氣之子",,Wed Jun 19 2019 00:00:00 GMT+0800 (Taipei Standard Time),Tue May 13 2025 19:00:57 GMT+0800 (Taipei Standard Time),Wed May 14 2025 17:06:31 GMT+0800 (Taipei Standard Time),,"天気の子","https://image.tmdb.org/t/p/w500/4IKNr9R9HpaIUFVHivTDa3Vdplj.jpg","https://image.tmdb.org/t/p/w1280/jFK8BOPL6ZeWyjMVWX8ajsTTinp.jpg","高一那年夏天，帆高離開位在離島的家鄉，獨自一人來到東京，拮据的生活迫使他不得不找份工作，最後來到一間專門出版奇怪超自然刊物的出版社擔任寫手。不久，東京開始下起連日大雨，彷彿暗示著帆高不順遂的未來，在這座繁忙城市裡到處取材的帆高邂逅了與弟弟相依為命，不可思議的美少女陽菜。「等等就會放晴了喔。」陽菜這樣告訴著帆高，不久，頭頂的烏雲逐漸散去，耀眼的陽光灑落街道……原來，陽菜擁有「改變天氣」的奇妙能力……",112,"8.0",[object Object],[object Object],[object Object],[object Object],568160
128,"北極小迷狐:吉娜&尤克",,Wed Dec 27 2023 00:00:00 GMT+0800 (Taipei Standard Time),Tue May 13 2025 19:01:21 GMT+0800 (Taipei Standard Time),Wed May 14 2025 17:06:32 GMT+0800 (Taipei Standard Time),,"Kina & Yuk : Renards de la banquise","https://image.tmdb.org/t/p/w500/2RgTd54xEtKEf2zbxP2LFlmAVfa.jpg","https://image.tmdb.org/t/p/w1280/9486WpZvT9BBlamLWUUOHWCO9r5.jpg","吉娜與尤克這對可愛的北極狐即將首次成為父母。然而，全球暖化影響地球生物的生存更加艱難。 負責外出覓食的尤克，意外被困在漂浮的冰塊上，吉娜被迫離開穴居，誤闖入人類生活的領域。他們能否及時找到彼此，迎接新生命的誕生？",85,"6.9",[object Object],[object Object],[object Object],
110,"少年與狗",,Thu Mar 20 2025 00:00:00 GMT+0800 (Taipei Standard Time),Tue May 13 2025 19:01:10 GMT+0800 (Taipei Standard Time),Wed May 14 2025 17:06:33 GMT+0800 (Taipei Standard Time),,"少年と犬","https://image.tmdb.org/t/p/w500/1XbrDPFfzwErQG21DgEjqgaQoi9.jpg","https://image.tmdb.org/t/p/w1280/Auvm2LlesmQkGVjXogZ5ItlHN4y.jpg","震災後六個月的宮城縣仙台，失業青年和正（高橋文哉飾演）與同樣在震災中失去主人的狗狗多聞相遇。聰明的多聞，很快就成為和正和他家人生活中不可或缺的存在。為了維持家庭生計，和正不得已開始從事犯罪工作，並捲入一起事件當中，而多聞更在這場混亂中消失無蹤…。隨著時光流逝，多聞來到滋賀縣，與擁有悲傷過往的女性美羽（西野七瀬飾演）一同生活。因為多聞的陪伴，美羽逐漸找回平靜的日常。就在此時，為了尋找多聞的和正出現了。起初，美羽對和正抱持敵意，但因為多聞的關係，兩人也逐漸產生心靈上的交流。不過，美羽過去的傷痛仍舊逼迫著她…。在那之後，多聞開始西行，踏上一段尋找「少年」的旅程，並在當中與不同帶有傷痛的人們相逢，並見識到各種人生中的哀愁與苦痛，以及那意想不到的奇蹟…。",0,"7.7",[object Object],1317090
151,"之前的我們",,Fri Jul 28 2023 00:00:00 GMT+0800 (Taipei Standard Time),Wed May 14 2025 16:15:05 GMT+0800 (Taipei Standard Time),Wed May 14 2025 17:06:47 GMT+0800 (Taipei Standard Time),,,,,,,,,
123,"會計師 2",,Wed Apr 23 2025 00:00:00 GMT+0800 (Taipei Standard Time),Tue May 13 2025 19:01:18 GMT+0800 (Taipei Standard Time),Wed May 14 2025 17:06:02 GMT+0800 (Taipei Standard Time),,"The Accountant²","https://image.tmdb.org/t/p/w500/qY8gDFoRncaKh0B7e9wjT5wdrAv.jpg","https://image.tmdb.org/t/p/w1280/rdxdvXQGqCj2Vb7SvTL8gdxlSzI.jpg","克里斯汀沃夫（班艾佛列克　飾演）具有破解複雜難題的天賦。當一位舊識慘遭謀殺，並留下一條「去找會計師」的神祕訊息後，沃夫不得不開始追查此案。當他發現得用更極端手段時，沃夫找了他久未連絡、同時是名頂尖殺手的弟弟布萊斯頓（強柏恩瑟　飾演）合作。兄弟倆與美國財政部副局長瑪莉貝絲麥迪納（辛西亞艾黛羅賓森　飾演）聯手，一起揭露這樁致命陰謀，卻讓他們成為冷血殺手集團的目標，這群殺手無所不用其極也要掩蓋秘密。",133,"7.2",[object Object],[object Object],[object Object],
104,"GIVEN~被贈與的未來 劇場版",,Sat Aug 22 2020 00:00:00 GMT+0800 (Taipei Standard Time),Tue May 13 2025 19:01:09 GMT+0800 (Taipei Standard Time),Wed May 14 2025 17:06:14 GMT+0800 (Taipei Standard Time),,"映画 ギヴン","https://image.tmdb.org/t/p/w500/nBt1bEDizGWWOZLapNihLAkLAYc.jpg","https://image.tmdb.org/t/p/w1280/9Xz0bzUFTVgDZd4WZz1cJDQjLkB.jpg","高中生上山立夏熱愛演奏吉他，與春樹和秋彥合組一個小樂隊。某個午休，他意外幫佐藤真冬修好吉他弦後，被真冬拜託教吉他，而後又在聽到真冬的歌聲後邀請他加入樂隊。立夏在相處的過程中漸漸喜歡上真冬，真冬有一個彼此互相喜歡並支持的青梅竹馬，但那個人卻自殺了，因那個人喜歡吉他，真冬才一直很想學。那個人沒有做到的事，沒有堅持的陪伴，立夏都幫他實現了，真冬也開始慢慢喜歡上立夏。另外一對CP春樹和秋彥，春樹一直默默喜歡著秋彥，為他留著長髮，但秋彥卻與極具音樂才華的小提琴家雨月同居在一起。動畫影集以高中生的真冬與立夏兩人間悲傷恬淡的愛情為主軸，首部劇場版則為大人組三人的春樹、秋彦、雨月，熾熱的三角戀拉開序幕。",60,"8.3",[object Object],[object Object],[object Object],[object Object],632632
93,"超人力霸王雅克 THE MOVIE 超次元大決戰！光與暗的雅克",,Fri Feb 21 2025 00:00:00 GMT+0800 (Taipei Standard Time),Tue May 13 2025 19:01:07 GMT+0800 (Taipei Standard Time),Wed May 14 2025 17:06:48 GMT+0800 (Taipei Standard Time),,"ウルトラマンアークTHE MOVIE 超次元大決戦！光と闇のアーク","https://image.tmdb.org/t/p/w500/tdU5hCURLcRy8JTYwLfti0mchYi.jpg","https://image.tmdb.org/t/p/w1280/obsNFIbCY2lIvtmTis8UOaaZP5F.jpg","自稱『宇宙賢者』的神秘男子「薩斯卡爾」對主角優馬說的這句話，拉開了這場戰鬥的序幕。優馬面臨的是超乎想像的終極考驗。「一旦失敗，你將失去雅克的力量――」  優馬身為怪獸防災科學調查所「SKIP」的一員，一路守護著星元市的和平，與「SKIP」的夥伴們建立的深厚的信任羈絆，以及多次面對打倒怪獸時內心的掙扎…。正因為擁有可以變身為超人力霸王的光之力量，優馬始終獨自肩負著這份沉重的使命。而現在，這些一切都被薩斯卡爾玩弄於股掌之間，並接二連三向優馬展開攻擊！  狂暴的巨大怪獸、肆虐的邪惡外星人，在遭到扭曲的超次元時空之中，黑色的超人力霸王雅克「吉爾雅克」終於現身。 優馬作為超人力霸王雅克，究竟能否戰勝這場超越『想像力』的最大考驗，守護住未來呢？！",75,"7.0",[object Object],[object Object],[object Object],1392079
43,"犯罪直播",,Fri Feb 07 2025 00:00:00 GMT+0800 (Taipei Standard Time),Tue May 13 2025 19:00:59 GMT+0800 (Taipei Standard Time),Wed May 14 2025 17:06:53 GMT+0800 (Taipei Standard Time),,"ショウタイムセブン","https://image.tmdb.org/t/p/w500/guXX0ZOGDBxcPffLXU7cmvjmqUB.jpg",,"折本眞之輔（阿部寬 飾）原本是全國新聞節目【SHOWTIME 7】的人氣主播，因故被降職，現在是廣播電台的主持人。晚間七點，他突然接到一通「預告犯罪」的叩應電話，原本以為是惡作劇電話，沒想到遠處傳來一聲巨響，發電廠發生爆炸。犯人再次叩應並指定折本為代表，這是折本重返主播台的大好機會。他打斷正在播報中的新聞，強行坐上主播台，與犯人進行現場連線。  然而，新聞攝影棚裡早已被安裝炸彈，只要稍不順從，犯人就會從遠端進行引爆。隨著恐怖分子的要求不斷升級，以及預先精心設置的「陷阱」。與犯人對立的場面也即時放送至全國！為什麼要指定折本？真兇究竟是誰？當一切逐漸明朗，折本選擇了一個令人意想不到的結局。最後６分鐘一定會讓你震驚不已。",0,"0.0",[object Object],[object Object],1368326
152,"傾城之戀",,,Wed May 14 2025 17:07:01 GMT+0800 (Taipei Standard Time),Wed May 14 2025 17:07:01 GMT+0800 (Taipei Standard Time),"atmovies",,,,,,,,
153,"寄身殺手",,,Wed May 14 2025 17:07:07 GMT+0800 (Taipei Standard Time),Wed May 14 2025 17:07:07 GMT+0800 (Taipei Standard Time),"atmovies",,,,,,,,
154,"附身",,,Wed May 14 2025 17:07:09 GMT+0800 (Taipei Standard Time),Wed May 14 2025 17:07:09 GMT+0800 (Taipei Standard Time),"atmovies",,,,,,,,
